id,group_id,model_app_name,experts,deployments,param_count,max_seq_length,max_seq_length_cloud,spec_decoding,batch_sizes,cloud_pefs_json,cloud_models,draft_experts
Llama_4_Scout-17b-False-8192,Llama_4_Scout-17b-False,Llama 4 Scout,['Llama-4-Scout-17B-16E-Instruct'],['llama-4-small'],17b,8192,8k,False,[1],"{""1"": {""pef_path"": ""gs://acp-coe-models-checkpoints-prod-0/version/0.1.0/pefs-checkpoints/pefs/PEF_1653/Llama-4-Scout-17B-16E-Instruct.pef"", ""copy_pef"": null, ""jira"": ""PEF-1653""}}",{'Llama-4-Scout-17B-16E-Instruct': 'gs://acp-coe-models-checkpoints-prod-0/version/0.1.0/pefs-checkpoints/ckpts/Llama-4-Scout-17B-16E-Instruct-FP8-RDU_surgery'},[]
Samba1_DeepSeek_Experts-671b-False-16384,Samba1_DeepSeek_Experts-671b-False,Samba1 DeepSeek Experts,"['DeepSeek-R1-0528', 'DeepSeek-V3-0324']","['deepseek-r1-0528-fp8-16k', 'deepseek-v3-fp8-16k']",671b,16384,16k,False,[1],"{""1"": {""pef_path"": ""gs://acp-coe-models-checkpoints-prod-0/version/deepseek-0.0.4/pefs-checkpoints/pefs/PEF_1663_2025_05_14/coe_pef_bs1_ss1024_4096_8192_12288_16384/FP8_trial_Deepseek_V3_TP16_ss1024_4096_8192_12288_16384_token_gen_seq_length2_61_encs_flags__CoE_ckpt_sharing_BS1_SS1024_4096_8192_12288_16384.pef"", ""copy_pef"": null, ""jira"": ""PEF-1663""}}","{'DeepSeek-V3-0324': 'gs://acp-coe-models-checkpoints-prod-0/version/deepseek-0.0.4/pefs-checkpoints/ckpts/DeepSeek-V3-0324-FP8-Routed-Experts-RDU-packed-disk-save', 'DeepSeek-R1-0528': 'gs://acp-coe-models-checkpoints-prod-0/version/deepseek-0.0.4/pefs-checkpoints/ckpts/DeepSeek-R1-0528-per-tensor-RDU-packed'}",[]
Samba1_DeepSeek_Experts-671b-False-32768,Samba1_DeepSeek_Experts-671b-False,Samba1 DeepSeek Experts,"['DeepSeek-R1-0528', 'DeepSeek-V3-0324']","['deepseek-r1-0528-fp8-32k', 'deepseek-v3-fp8-32k']",671b,32768,32k,False,[1],"{""1"": {""pef_path"": ""gs://acp-coe-models-checkpoints-prod-0/version/deepseek-0.0.4/pefs-checkpoints/pefs/PEF_1663_multi_prefill/FP8_trial_Deepseek_V3_TP16_ss1024_16384_24576_32768__1024_4096_8192_12288_16384_token_gen_seq_length2_61_encs_flags__CoE_ckpt_sharing_BS1_SS1024_16384_24576_32768.pef"", ""copy_pef"": null, ""jira"": ""PEF-1663""}}","{'DeepSeek-V3-0324': 'gs://acp-coe-models-checkpoints-prod-0/version/deepseek-0.0.4/pefs-checkpoints/ckpts/DeepSeek-V3-0324-FP8-Routed-Experts-RDU-packed-disk-save', 'DeepSeek-R1-0528': 'gs://acp-coe-models-checkpoints-prod-0/version/deepseek-0.0.4/pefs-checkpoints/ckpts/DeepSeek-R1-0528-per-tensor-RDU-packed'}",[]
Samba1_DeepSeek_Experts-671b-False-4096,Samba1_DeepSeek_Experts-671b-False,Samba1 DeepSeek Experts,['DeepSeek-V3-0324'],['deepseek-v3-fp8-4k-batching'],671b,4096,4k,False,[4],"{""4"": {""pef_path"": ""gs://acp-coe-models-checkpoints-prod-0/version/deepseek-0.0.4/pefs-checkpoints/pefs/PEF_1694/bs4_4k_multi-prefill_TP16_ss512_1024_2048_4096_token_gen_seq_length2_61_encs_flags__CoE_ckpt_sharing_BS4_SS512_1024_2048_4096.pef"", ""copy_pef"": null, ""jira"": ""PEF-1694""}}",{'DeepSeek-V3-0324': 'gs://acp-coe-models-checkpoints-prod-0/version/deepseek-0.0.4/pefs-checkpoints/ckpts/DeepSeek-V3-0324-FP8-Routed-Experts-RDU-packed-disk-save'},[]
Samba1_DeepSeek_Experts-671b-False-8192,Samba1_DeepSeek_Experts-671b-False,Samba1 DeepSeek Experts,"['DeepSeek-R1-0528', 'DeepSeek-V3-0324']","['deepseek-r1-0528-fp8-8k', 'deepseek-v3-fp8-8k']",671b,8192,8k,False,[1],"{""1"": {""pef_path"": ""gs://acp-coe-models-checkpoints-prod-0/version/deepseek-0.0.4/pefs-checkpoints/pefs/PEF_1542/FP8_trial_Deepseek_V3_TP16_ss256_1024_2048_4096_8192_token_gen_seq_length2_SA_2_flags__CoE_ckpt_sharing_BS1_SS256_1024_2048_4096_8192.pef"", ""copy_pef"": null, ""jira"": ""PEF-1542""}}","{'DeepSeek-V3-0324': 'gs://acp-coe-models-checkpoints-prod-0/version/deepseek-0.0.4/pefs-checkpoints/ckpts/DeepSeek-V3-0324-FP8-Routed-Experts-RDU-packed-disk-save', 'DeepSeek-R1-0528': 'gs://acp-coe-models-checkpoints-prod-0/version/deepseek-0.0.4/pefs-checkpoints/ckpts/DeepSeek-R1-0528-per-tensor-RDU-packed'}",[]
Samba1_Llama3_Experts-8b-False-4096,Samba1_Llama3_Experts-8b-False,Samba1 Llama3 Experts,['Meta-Llama-Guard-3-8B'],"['70b-ss-4-8k-3dot3-llama-small', 'llama-small']",8b,4096,4k,False,"[1, 2, 4, 8]","{""1"": {""pef_path"": ""gs://acp-coe-models-checkpoints-prod-0/version/0.1.0/pefs-checkpoints/pefs/llama3d1_8b_0917/bs1/Llama3_8B_TP16_ss4096_2048_1024_voc128256_inference_sampling_0906_CoE_ckpt_sharing_BS1_SS4096_2048_1024.pef"", ""copy_pef"": null, ""jira"": null}, ""2"": {""pef_path"": ""gs://acp-coe-models-checkpoints-prod-0/version/0.1.0/pefs-checkpoints/pefs/llama3d1_8b_0917/bs2/Llama3_8B_TP16_ss4096_2048_1024_voc128256_inference_sampling_0906_CoE_ckpt_sharing_BS2_SS4096_2048_1024.pef"", ""copy_pef"": null, ""jira"": null}, ""4"": {""pef_path"": ""gs://acp-coe-models-checkpoints-prod-0/version/0.1.0/pefs-checkpoints/pefs/llama3d1_8b_0917/bs4/Llama3_8B_TP16_ss4096_2048_1024_voc128256_inference_sampling_0906_CoE_ckpt_sharing_BS4_SS4096_2048_1024.pef"", ""copy_pef"": null, ""jira"": null}, ""8"": {""pef_path"": ""gs://acp-coe-models-checkpoints-prod-0/version/0.1.0/pefs-checkpoints/pefs/llama3d1_8b_0917/bs8/Llama3_8B_TP16_ss4096_2048_1024_voc128256_inference_sampling_0906_CoE_ckpt_sharing_BS8_SS4096_2048_1024.pef"", ""copy_pef"": null, ""jira"": null}}",{'Meta-Llama-Guard-3-8B': 'gs://acp-coe-models-checkpoints-prod-0/version/0.1.0/pefs-checkpoints/ckpts/Llama-Guard-3-8B'},[]
Samba1_Llama3_Experts-8b-False-8192,Samba1_Llama3_Experts-8b-False,Samba1 Llama3 Experts,['Meta-Llama-Guard-3-8B'],"['70b-ss-4-8k-3dot3-llama-small', 'llama-small']",8b,8192,8k,False,"[1, 2, 4, 8]","{""1"": {""pef_path"": ""gs://acp-coe-models-checkpoints-prod-0/version/0.1.0/pefs-checkpoints/pefs/llama3d1_8b_0908/llama_3_1_8b_sl8192/bs1/coe_pef/Llama3_8B_TP16_ss8192_4096_voc128256_inference_sampling_0906_CoE_ckpt_sharing_BS1_SS8192_4096.pef"", ""copy_pef"": null, ""jira"": null}, ""2"": {""pef_path"": ""gs://acp-coe-models-checkpoints-prod-0/version/0.1.0/pefs-checkpoints/pefs/llama3d1_8b_0908/llama_3_1_8b_sl8192/bs2/coe_pef/Llama3_8B_TP16_ss8192_4096_voc128256_inference_sampling_0906_CoE_ckpt_sharing_BS2_SS8192_4096.pef"", ""copy_pef"": null, ""jira"": null}, ""4"": {""pef_path"": ""gs://acp-coe-models-checkpoints-prod-0/version/0.1.0/pefs-checkpoints/pefs/llama3d1_8b_0908/llama_3_1_8b_sl8192/bs4/coe_pef/Llama3_8B_TP16_ss8192_4096_voc128256_inference_sampling_0906_CoE_ckpt_sharing_BS4_SS8192_4096.pef"", ""copy_pef"": null, ""jira"": null}, ""8"": {""pef_path"": ""gs://acp-coe-models-checkpoints-prod-0/version/0.1.0/pefs-checkpoints/pefs/llama3d1_8b_0908/llama_3_1_8b_sl8192/bs8/coe_pef/Llama3_8B_TP16_ss8192_4096_voc128256_inference_sampling_0906_CoE_ckpt_sharing_BS8_SS8192_4096.pef"", ""copy_pef"": null, ""jira"": null}}",{'Meta-Llama-Guard-3-8B': 'gs://acp-coe-models-checkpoints-prod-0/version/0.1.0/pefs-checkpoints/ckpts/Llama-Guard-3-8B'},[]
Samba1_Llama3d1_Experts-405b-True-16384,Samba1_Llama3d1_Experts-405b-True,Samba1 Llama3.1 Experts,"['Llama-3.1-Tulu-3-405B', 'Meta-Llama-3.1-405B-Instruct']","['llama405B-s-m', 'tulu405b-s-m']",405b,16384,16k,True,[1],"{""1"": {""pef_path"": ""gs://acp-coe-models-checkpoints-prod-0/version/0.1.0/pefs-checkpoints/pefs/PEF_1287_v3/llama3_405b_tp16_ss4096_sd_q_ss6/coe_pef_bs1_ss8192_10752_12288_16384/Llama3_405B_TP16_ss4096_sd_q_ss6_CoE_ckpt_sharing_BS1_SS8192_10752_12288_16384.pef"", ""copy_pef"": null, ""jira"": ""PEF-1287""}}","{'Meta-Llama-3.1-405B-Instruct': 'gs://acp-coe-models-checkpoints-prod-0/version/0.1.0/pefs-checkpoints/ckpts/Meta-Llama-3.1-405B-Instruct_0913', 'Llama-3.1-Tulu-3-405B': 'gs://acp-coe-models-checkpoints-prod-0/version/0.1.0/pefs-checkpoints/ckpts/Llama-3.1-Tulu-405B-ext'}","['Llama-3.1-Tulu-3-8B', 'Meta-Llama-3.1-8B-Instruct']"
Samba1_Llama3d1_Experts-405b-True-4096,Samba1_Llama3d1_Experts-405b-True,Samba1 Llama3.1 Experts,"['Llama-3.1-Tulu-3-405B', 'Meta-Llama-3.1-405B-Instruct']","['llama405B-s', 'llama405B-s-m', 'tulu405b-s-m']",405b,4096,4k,True,"[1, 2, 4]","{""1"": {""pef_path"": ""gs://acp-coe-models-checkpoints-prod-0/version/0.1.0/pefs-checkpoints/pefs/PEF_1287_v3/llama3_405b_tp16_ss4096_sd_q_ss12/coe_pef_bs1_ss256_512_1152_2048_4096/Llama3_405B_TP16_ss4096_q_ss12_CoE_ckpt_sharing_BS1_SS256_512_1152_2048_4096.pef"", ""copy_pef"": null, ""jira"": ""PEF-1287""}, ""2"": {""pef_path"": ""gs://acp-coe-models-checkpoints-prod-0/version/0.1.0/pefs-checkpoints/pefs/PEF_1287_v3/llama3_405b_tp16_ss4096_sd_q_ss6/coe_pef_bs2_ss256_512_1152_2048_4096/Llama3_405B_TP16_ss4096_sd_q_ss6_CoE_ckpt_sharing_BS2_SS256_512_1152_2048_4096.pef"", ""copy_pef"": null, ""jira"": ""PEF-1287""}, ""4"": {""pef_path"": ""gs://acp-coe-models-checkpoints-prod-0/version/0.1.0/pefs-checkpoints/pefs/PEF_1287_v3/llama3_405b_tp16_ss4096_sd_q_ss6/coe_pef_bs4_ss256_512_1152_2048_4096/Llama3_405B_TP16_ss4096_sd_q_ss6_CoE_ckpt_sharing_BS4_SS256_512_1152_2048_4096.pef"", ""copy_pef"": null, ""jira"": ""PEF-1287""}}","{'Meta-Llama-3.1-405B-Instruct': 'gs://acp-coe-models-checkpoints-prod-0/version/0.1.0/pefs-checkpoints/ckpts/Meta-Llama-3.1-405B-Instruct_0913', 'Llama-3.1-Tulu-3-405B': 'gs://acp-coe-models-checkpoints-prod-0/version/0.1.0/pefs-checkpoints/ckpts/Llama-3.1-Tulu-405B-ext'}","['Llama-3.1-Tulu-3-8B', 'Meta-Llama-3.2-3B-Instruct']"
Samba1_Llama3d1_Experts-405b-True-8192,Samba1_Llama3d1_Experts-405b-True,Samba1 Llama3.1 Experts,"['Llama-3.1-Tulu-3-405B', 'Meta-Llama-3.1-405B-Instruct']","['llama405B-s-m', 'tulu405b-s-m']",405b,8192,8k,True,[1],"{""1"": {""pef_path"": ""gs://acp-coe-models-checkpoints-prod-0/version/0.1.0/pefs-checkpoints/pefs/PEF_1287_v3/llama3_405b_tp16_ss4096_sd_q_ss6/coe_pef_bs1_ss4096_6400_8192/Llama3_405B_TP16_ss4096_sd_q_ss6_CoE_ckpt_sharing_BS1_SS4096_6400_8192.pef"", ""copy_pef"": null, ""jira"": ""PEF-1287""}}","{'Meta-Llama-3.1-405B-Instruct': 'gs://acp-coe-models-checkpoints-prod-0/version/0.1.0/pefs-checkpoints/ckpts/Meta-Llama-3.1-405B-Instruct_0913', 'Llama-3.1-Tulu-3-405B': 'gs://acp-coe-models-checkpoints-prod-0/version/0.1.0/pefs-checkpoints/ckpts/Llama-3.1-Tulu-405B-ext'}","['Llama-3.1-Tulu-3-8B', 'Meta-Llama-3.2-3B-Instruct']"
Samba1_Llama3d1_Experts-70b-True-131072,Samba1_Llama3d1_Experts-70b-True,Samba1 Llama3.1 Experts,['Meta-Llama-3.1-70B-Instruct'],"['70b-3dot1-ss-4-8-64-128k', '70b-l-3dot1', '70b-ss-32-64-128k']",70b,131072,128k,True,[1],"{""1"": {""pef_path"": ""gs://acp-coe-models-checkpoints-prod-0/version/0.1.0/pefs-checkpoints/pefs/PEF_1529/llama3_70b_tp16_ss4096_32768_65536_106496_131072__4096_16384_32768_49152_65536__4096_8192_16384_24576_32768_qs6_voc128256_balanced_inference/coe_pef_bs1_ss4096_32768_65536_106496_131072/Llama3_70B_TP16_ss4096_32768_65536_106496_131072__4096_16384_32768_49152_65536__4096_8192_16384_24576_32768_qs6_voc128256_balanced_inference_CoE_ckpt_sharing_BS1_SS4096_32768_65536_106496_131072.pef"", ""copy_pef"": ""COPY_PEF_LLAMA3D1_70B_128K_PEF_BS1"", ""jira"": ""PEF-1529""}}",{'Meta-Llama-3.1-70B-Instruct': 'gs://acp-coe-models-checkpoints-prod-0/version/0.1.0/pefs-checkpoints/ckpts/Meta-Llama-3.1-70B-Instruct'},['Meta-Llama-3.2-1B-Instruct']
Samba1_Llama3d1_Experts-70b-True-16384,Samba1_Llama3d1_Experts-70b-True,Samba1 Llama3.1 Experts,"['Llama-3.1-Swallow-70B-Instruct-v0.3', 'Meta-Llama-3.1-70B-Instruct']","['70b-ss-8-16-32k', 'llama70b-s-m', 'swallow']",70b,16384,16k,True,"[1, 2, 4]","{""1"": {""pef_path"": ""gs://acp-coe-models-checkpoints-prod-0/version/0.1.0/pefs-checkpoints/pefs/PEF_1323/coe_pef_bs1_ss8192_10752_12288_16384_q_ss6/Llama3dot1_70B_TP16_ss4096_CoE_ckpt_sharing_BS1_SS8192_10752_12288_16384_Q_SS6.pef"", ""copy_pef"": null, ""jira"": ""PEF-1323""}, ""2"": {""pef_path"": ""gs://acp-coe-models-checkpoints-prod-0/version/0.1.0/pefs-checkpoints/pefs/PEF_1323/coe_pef_bs2_ss8192_10752_12288_16384_q_ss6/Llama3dot1_70B_TP16_ss4096_CoE_ckpt_sharing_BS2_SS8192_10752_12288_16384_Q_SS6.pef"", ""copy_pef"": null, ""jira"": ""PEF-1323""}, ""4"": {""pef_path"": ""gs://acp-coe-models-checkpoints-prod-0/version/0.1.0/pefs-checkpoints/pefs/PEF_1323/coe_pef_bs4_ss8192_10752_12288_16384_q_ss6/Llama3dot1_70B_TP16_ss4096_CoE_ckpt_sharing_BS4_SS8192_10752_12288_16384_Q_SS6.pef"", ""copy_pef"": null, ""jira"": ""PEF-1323""}}","{'Meta-Llama-3.1-70B-Instruct': 'gs://acp-coe-models-checkpoints-prod-0/version/0.1.0/pefs-checkpoints/ckpts/Meta-Llama-3.1-70B-Instruct', 'Llama-3.1-Swallow-70B-Instruct-v0.3': 'gs://acp-coe-models-checkpoints-prod-0/version/0.1.0/pefs-checkpoints/ckpts/Llama-3.1-Swallow-70B-Instruct-v0.3'}","['Llama-3.1-Swallow-8B-Instruct-v0.3', 'Meta-Llama-3.2-1B-Instruct']"
Samba1_Llama3d1_Experts-70b-True-32768,Samba1_Llama3d1_Experts-70b-True,Samba1 Llama3.1 Experts,['Meta-Llama-3.1-70B-Instruct'],"['70b-l-3dot1', '70b-ss-32-64-128k', '70b-ss-8-16-32k']",70b,32768,32k,True,"[1, 4]","{""1"": {""pef_path"": ""gs://acp-coe-models-checkpoints-prod-0/version/0.1.0/pefs-checkpoints/pefs/PEF_1529/llama3_70b_tp16_ss4096_32768_65536_106496_131072__4096_16384_32768_49152_65536__4096_8192_16384_24576_32768_qs6_voc128256_balanced_inference/coe_pef_bs1_ss4096_8192_16384_24576_32768/Llama3_70B_TP16_ss4096_32768_65536_106496_131072__4096_16384_32768_49152_65536__4096_8192_16384_24576_32768_qs6_voc128256_balanced_inference_CoE_ckpt_sharing_BS1_SS4096_8192_16384_24576_32768.pef"", ""copy_pef"": ""COPY_PEF_LLAMA3D1_70B_32K_PEF_BS1"", ""jira"": ""PEF-1529""}, ""4"": {""pef_path"": ""gs://acp-coe-models-checkpoints-prod-0/version/0.1.0/pefs-checkpoints/pefs/PEF_1529/llama3_70b_tp16_ss4096_32768_65536_106496_131072__4096_16384_32768_49152_65536__4096_8192_16384_24576_32768_qs6_voc128256_balanced_inference/coe_pef_bs4_ss4096_8192_16384_24576_32768/Llama3_70B_TP16_ss4096_32768_65536_106496_131072__4096_16384_32768_49152_65536__4096_8192_16384_24576_32768_qs6_voc128256_balanced_inference_CoE_ckpt_sharing_BS4_SS4096_8192_16384_24576_32768.pef"", ""copy_pef"": ""COPY_PEF_LLAMA3D1_70B_32K_PEF_BS4"", ""jira"": ""PEF-1529""}}",{'Meta-Llama-3.1-70B-Instruct': 'gs://acp-coe-models-checkpoints-prod-0/version/0.1.0/pefs-checkpoints/ckpts/Meta-Llama-3.1-70B-Instruct'},['Meta-Llama-3.2-1B-Instruct']
Samba1_Llama3d1_Experts-70b-True-4096,Samba1_Llama3d1_Experts-70b-True,Samba1 Llama3.1 Experts,"['Llama-3.1-Swallow-70B-Instruct-v0.3', 'Meta-Llama-3.1-70B-Instruct']","['70b-3dot1-ss-4-8-64-128k', 'llama70b-s', 'llama70b-s-m', 'swallow']",70b,4096,4k,True,"[1, 2, 4, 8, 16, 32]","{""1"": {""pef_path"": ""gs://acp-coe-models-checkpoints-prod-0/version/0.1.0/pefs-checkpoints/pefs/PEF_1323/coe_pef_bs1_ss256_512_1152_2048_4096_q_ss10/Llama3dot1_70B_TP16_ss4096_CoE_ckpt_sharing_BS1_SS256_512_1152_2048_4096_Q_SS10.pef"", ""copy_pef"": null, ""jira"": ""PEF-1323""}, ""2"": {""pef_path"": ""gs://acp-coe-models-checkpoints-prod-0/version/0.1.0/pefs-checkpoints/pefs/PEF_1323/coe_pef_bs2_ss256_512_1152_2048_4096_q_ss6/Llama3dot1_70B_TP16_ss4096_CoE_ckpt_sharing_BS2_SS256_512_1152_2048_4096_Q_SS6.pef"", ""copy_pef"": null, ""jira"": ""PEF-1323""}, ""4"": {""pef_path"": ""gs://acp-coe-models-checkpoints-prod-0/version/0.1.0/pefs-checkpoints/pefs/PEF_1323/coe_pef_bs4_ss256_512_1152_2048_4096_q_ss6/Llama3dot1_70B_TP16_ss4096_CoE_ckpt_sharing_BS4_SS256_512_1152_2048_4096_Q_SS6.pef"", ""copy_pef"": null, ""jira"": ""PEF-1323""}, ""8"": {""pef_path"": ""gs://acp-coe-models-checkpoints-prod-0/version/0.1.0/pefs-checkpoints/pefs/PEF_1323/coe_pef_bs8_ss256_512_1152_2048_4096_q_ss6/Llama3dot1_70B_TP16_ss4096_CoE_ckpt_sharing_BS8_SS256_512_1152_2048_4096_Q_SS6.pef"", ""copy_pef"": null, ""jira"": ""PEF-1323""}, ""16"": {""pef_path"": ""gs://acp-coe-models-checkpoints-prod-0/version/0.1.0/pefs-checkpoints/pefs/PEF_1323/coe_pef_bs16_ss256_512_1152_2048_4096_q_ss6/Llama3dot1_70B_TP16_ss4096_CoE_ckpt_sharing_BS16_SS256_512_1152_2048_4096_Q_SS6.pef"", ""copy_pef"": null, ""jira"": ""PEF-1323""}, ""32"": {""pef_path"": ""gs://acp-coe-models-checkpoints-prod-0/version/0.1.0/pefs-checkpoints/pefs/PEF_1323/coe_pef_bs32_ss256_512_1152_2048_4096_q_ss6/Llama3dot1_70B_TP16_ss4096_CoE_ckpt_sharing_BS32_SS256_512_1152_2048_4096_Q_SS6.pef"", ""copy_pef"": null, ""jira"": ""PEF-1323""}}","{'Meta-Llama-3.1-70B-Instruct': 'gs://acp-coe-models-checkpoints-prod-0/version/0.1.0/pefs-checkpoints/ckpts/Meta-Llama-3.1-70B-Instruct', 'Llama-3.1-Swallow-70B-Instruct-v0.3': 'gs://acp-coe-models-checkpoints-prod-0/version/0.1.0/pefs-checkpoints/ckpts/Llama-3.1-Swallow-70B-Instruct-v0.3'}","['Llama-3.1-Swallow-8B-Instruct-v0.3', 'Meta-Llama-3.2-1B-Instruct']"
Samba1_Llama3d1_Experts-70b-True-65536,Samba1_Llama3d1_Experts-70b-True,Samba1 Llama3.1 Experts,['Meta-Llama-3.1-70B-Instruct'],"['70b-3dot1-ss-4-8-64-128k', '70b-l-3dot1', '70b-ss-32-64-128k']",70b,65536,64k,True,[1],"{""1"": {""pef_path"": ""gs://acp-coe-models-checkpoints-prod-0/version/0.1.0/pefs-checkpoints/pefs/PEF_1529/llama3_70b_tp16_ss4096_32768_65536_106496_131072__4096_16384_32768_49152_65536__4096_8192_16384_24576_32768_qs6_voc128256_balanced_inference/coe_pef_bs1_ss4096_16384_32768_49152_65536/Llama3_70B_TP16_ss4096_32768_65536_106496_131072__4096_16384_32768_49152_65536__4096_8192_16384_24576_32768_qs6_voc128256_balanced_inference_CoE_ckpt_sharing_BS1_SS4096_16384_32768_49152_65536.pef"", ""copy_pef"": ""COPY_PEF_LLAMA3D1_70B_64K_PEF_BS1"", ""jira"": ""PEF-1529""}}",{'Meta-Llama-3.1-70B-Instruct': 'gs://acp-coe-models-checkpoints-prod-0/version/0.1.0/pefs-checkpoints/ckpts/Meta-Llama-3.1-70B-Instruct'},['Meta-Llama-3.2-1B-Instruct']
Samba1_Llama3d1_Experts-70b-True-8192,Samba1_Llama3d1_Experts-70b-True,Samba1 Llama3.1 Experts,"['Llama-3.1-Swallow-70B-Instruct-v0.3', 'Meta-Llama-3.1-70B-Instruct']","['70b-3dot1-ss-4-8-64-128k', '70b-ss-8-16-32k', 'llama70b-s-m', 'swallow']",70b,8192,8k,True,"[1, 2, 4, 8, 16]","{""1"": {""pef_path"": ""gs://acp-coe-models-checkpoints-prod-0/version/0.1.0/pefs-checkpoints/pefs/PEF_1323/coe_pef_bs1_ss4096_6400_8192_q_ss6/Llama3dot1_70B_TP16_ss4096_CoE_ckpt_sharing_BS1_SS4096_6400_8192_Q_SS6.pef"", ""copy_pef"": null, ""jira"": ""PEF-1323""}, ""2"": {""pef_path"": ""gs://acp-coe-models-checkpoints-prod-0/version/0.1.0/pefs-checkpoints/pefs/PEF_1323/coe_pef_bs2_ss4096_6400_8192_q_ss6/Llama3dot1_70B_TP16_ss4096_CoE_ckpt_sharing_BS2_SS4096_6400_8192_Q_SS6.pef"", ""copy_pef"": null, ""jira"": ""PEF-1323""}, ""4"": {""pef_path"": ""gs://acp-coe-models-checkpoints-prod-0/version/0.1.0/pefs-checkpoints/pefs/PEF_1323/coe_pef_bs4_ss4096_6400_8192_q_ss6/Llama3dot1_70B_TP16_ss4096_CoE_ckpt_sharing_BS4_SS4096_6400_8192_Q_SS6.pef"", ""copy_pef"": null, ""jira"": ""PEF-1323""}, ""8"": {""pef_path"": ""gs://acp-coe-models-checkpoints-prod-0/version/0.1.0/pefs-checkpoints/pefs/PEF_1323/coe_pef_bs8_ss4096_6400_8192_q_ss6/Llama3dot1_70B_TP16_ss4096_CoE_ckpt_sharing_BS8_SS4096_6400_8192_Q_SS6.pef"", ""copy_pef"": null, ""jira"": ""PEF-1323""}, ""16"": {""pef_path"": ""gs://acp-coe-models-checkpoints-prod-0/version/0.1.0/pefs-checkpoints/pefs/PEF_1323/coe_pef_bs16_ss4096_6400_8192_q_ss6/Llama3dot1_70B_TP16_ss4096_CoE_ckpt_sharing_BS16_SS4096_6400_8192_Q_SS6.pef"", ""copy_pef"": null, ""jira"": ""PEF-1323""}}","{'Meta-Llama-3.1-70B-Instruct': 'gs://acp-coe-models-checkpoints-prod-0/version/0.1.0/pefs-checkpoints/ckpts/Meta-Llama-3.1-70B-Instruct', 'Llama-3.1-Swallow-70B-Instruct-v0.3': 'gs://acp-coe-models-checkpoints-prod-0/version/0.1.0/pefs-checkpoints/ckpts/Llama-3.1-Swallow-70B-Instruct-v0.3'}","['Llama-3.1-Swallow-8B-Instruct-v0.3', 'Meta-Llama-3.2-1B-Instruct']"
Samba1_Llama3d1_Experts-8b-False-16384,Samba1_Llama3d1_Experts-8b-False,Samba1 Llama3.1 Experts,"['Llama-3.1-Swallow-8B-Instruct-v0.3', 'Llama-3.1-Tulu-3-8B', 'Meta-Llama-3.1-8B-Instruct']","['70b-ss-4-8k-3dot3-llama-small', 'llama-small', 'llama405B-s-m', 'swallow', 'tulu405b-s-m']",8b,16384,16k,False,"[1, 2, 4]","{""1"": {""pef_path"": ""gs://acp-coe-models-checkpoints-prod-0/version/0.1.0/pefs-checkpoints/pefs/PEF_283_llama3d1_8b_ss16k/coe_pef_bs1_ss16384_4096/Llama3_8B_TP16_ss16384_4096_voc128256_inference_0928_CoE_ckpt_sharing_BS1_SS16384_4096.pef"", ""copy_pef"": ""COPY_PEF_LLAMA3_8B_16K_PEF_BS1"", ""jira"": ""PEF-283""}, ""2"": {""pef_path"": ""gs://acp-coe-models-checkpoints-prod-0/version/0.1.0/pefs-checkpoints/pefs/PEF_283_llama3d1_8b_ss16k/coe_pef_bs2_ss16384_4096/Llama3_8B_TP16_ss16384_4096_voc128256_inference_0928_CoE_ckpt_sharing_BS2_SS16384_4096.pef"", ""copy_pef"": ""COPY_PEF_LLAMA3_8B_16K_PEF_BS2"", ""jira"": ""PEF-283""}, ""4"": {""pef_path"": ""gs://acp-coe-models-checkpoints-prod-0/version/0.1.0/pefs-checkpoints/pefs/PEF_283_llama3d1_8b_ss16k/coe_pef_bs4_ss16384_4096/Llama3_8B_TP16_ss16384_4096_voc128256_inference_0928_CoE_ckpt_sharing_BS4_SS16384_4096.pef"", ""copy_pef"": ""COPY_PEF_LLAMA3_8B_16K_PEF_BS4"", ""jira"": ""PEF-283""}}","{'Meta-Llama-3.1-8B-Instruct': 'gs://acp-coe-models-checkpoints-prod-0/version/0.1.0/pefs-checkpoints/ckpts/Meta-Llama-3.1-8B-Instruct', 'Llama-3.1-Swallow-8B-Instruct-v0.3': 'gs://acp-coe-models-checkpoints-prod-0/version/0.1.0/pefs-checkpoints/ckpts/Llama-3.1-Swallow-8B-Instruct-v0.3', 'Llama-3.1-Tulu-3-8B': 'gs://acp-coe-models-checkpoints-prod-0/version/0.1.0/pefs-checkpoints/ckpts/Llama-3.1-Tulu-8-8B-ext-bfloat16_v2'}",[]
Samba1_Llama3d1_Experts-8b-False-4096,Samba1_Llama3d1_Experts-8b-False,Samba1 Llama3.1 Experts,"['Llama-3.1-Swallow-8B-Instruct-v0.3', 'Llama-3.1-Tulu-3-8B', 'Meta-Llama-3.1-8B-Instruct']","['70b-ss-4-8k-3dot3-llama-small', 'llama-small', 'swallow', 'tulu405b-s-m']",8b,4096,4k,False,"[1, 2, 4, 8, 16]","{""1"": {""pef_path"": ""gs://acp-coe-models-checkpoints-prod-0/version/0.1.0/pefs-checkpoints/pefs/llama3d1_8b_0917/bs1/Llama3_8B_TP16_ss4096_2048_1024_voc128256_inference_sampling_0906_CoE_ckpt_sharing_BS1_SS4096_2048_1024.pef"", ""copy_pef"": ""COPY_PEF_LLAMA3_8B_PEF_BS1"", ""jira"": null}, ""2"": {""pef_path"": ""gs://acp-coe-models-checkpoints-prod-0/version/0.1.0/pefs-checkpoints/pefs/llama3d1_8b_0917/bs2/Llama3_8B_TP16_ss4096_2048_1024_voc128256_inference_sampling_0906_CoE_ckpt_sharing_BS2_SS4096_2048_1024.pef"", ""copy_pef"": ""COPY_PEF_LLAMA3_8B_PEF_BS2"", ""jira"": null}, ""4"": {""pef_path"": ""gs://acp-coe-models-checkpoints-prod-0/version/0.1.0/pefs-checkpoints/pefs/llama3d1_8b_0917/bs4/Llama3_8B_TP16_ss4096_2048_1024_voc128256_inference_sampling_0906_CoE_ckpt_sharing_BS4_SS4096_2048_1024.pef"", ""copy_pef"": ""COPY_PEF_LLAMA3_8B_PEF_BS4"", ""jira"": null}, ""8"": {""pef_path"": ""gs://acp-coe-models-checkpoints-prod-0/version/0.1.0/pefs-checkpoints/pefs/llama3d1_8b_0917/bs8/Llama3_8B_TP16_ss4096_2048_1024_voc128256_inference_sampling_0906_CoE_ckpt_sharing_BS8_SS4096_2048_1024.pef"", ""copy_pef"": ""COPY_PEF_LLAMA3_8B_PEF_BS8"", ""jira"": null}, ""16"": {""pef_path"": ""gs://acp-coe-models-checkpoints-prod-0/version/0.1.0/pefs-checkpoints/pefs/llama3d1_8b_0917/bs16/Llama3_8B_TP16_ss4096_2048_1024_voc128256_inference_sampling_0906_CoE_ckpt_sharing_BS16_SS4096_2048_1024.pef"", ""copy_pef"": ""COPY_PEF_LLAMA3_8B_PEF_BS16"", ""jira"": null}}","{'Meta-Llama-3.1-8B-Instruct': 'gs://acp-coe-models-checkpoints-prod-0/version/0.1.0/pefs-checkpoints/ckpts/Meta-Llama-3.1-8B-Instruct', 'Llama-3.1-Swallow-8B-Instruct-v0.3': 'gs://acp-coe-models-checkpoints-prod-0/version/0.1.0/pefs-checkpoints/ckpts/Llama-3.1-Swallow-8B-Instruct-v0.3', 'Llama-3.1-Tulu-3-8B': 'gs://acp-coe-models-checkpoints-prod-0/version/0.1.0/pefs-checkpoints/ckpts/Llama-3.1-Tulu-8-8B-ext-bfloat16_v2'}",[]
Samba1_Llama3d1_Experts-8b-False-8192,Samba1_Llama3d1_Experts-8b-False,Samba1 Llama3.1 Experts,"['Llama-3.1-Swallow-8B-Instruct-v0.3', 'Llama-3.1-Tulu-3-8B', 'Meta-Llama-3.1-8B-Instruct']","['70b-ss-4-8k-3dot3-llama-small', 'llama-small', 'swallow', 'tulu405b-s-m']",8b,8192,8k,False,"[1, 2, 4, 8, 16]","{""1"": {""pef_path"": ""gs://acp-coe-models-checkpoints-prod-0/version/0.1.0/pefs-checkpoints/pefs/llama3d1_8b_0908/llama_3_1_8b_sl8192/bs1/coe_pef/Llama3_8B_TP16_ss8192_4096_voc128256_inference_sampling_0906_CoE_ckpt_sharing_BS1_SS8192_4096.pef"", ""copy_pef"": ""COPY_PEF_LLAMA3_8B_8K_PEF_BS1"", ""jira"": null}, ""2"": {""pef_path"": ""gs://acp-coe-models-checkpoints-prod-0/version/0.1.0/pefs-checkpoints/pefs/llama3d1_8b_0908/llama_3_1_8b_sl8192/bs2/coe_pef/Llama3_8B_TP16_ss8192_4096_voc128256_inference_sampling_0906_CoE_ckpt_sharing_BS2_SS8192_4096.pef"", ""copy_pef"": ""COPY_PEF_LLAMA3_8B_8K_PEF_BS2"", ""jira"": null}, ""4"": {""pef_path"": ""gs://acp-coe-models-checkpoints-prod-0/version/0.1.0/pefs-checkpoints/pefs/llama3d1_8b_0908/llama_3_1_8b_sl8192/bs4/coe_pef/Llama3_8B_TP16_ss8192_4096_voc128256_inference_sampling_0906_CoE_ckpt_sharing_BS4_SS8192_4096.pef"", ""copy_pef"": ""COPY_PEF_LLAMA3_8B_8K_PEF_BS4"", ""jira"": null}, ""8"": {""pef_path"": ""gs://acp-coe-models-checkpoints-prod-0/version/0.1.0/pefs-checkpoints/pefs/llama3d1_8b_0908/llama_3_1_8b_sl8192/bs8/coe_pef/Llama3_8B_TP16_ss8192_4096_voc128256_inference_sampling_0906_CoE_ckpt_sharing_BS8_SS8192_4096.pef"", ""copy_pef"": ""COPY_PEF_LLAMA3_8B_8K_PEF_BS8"", ""jira"": null}, ""16"": {""pef_path"": ""gs://acp-coe-models-checkpoints-prod-0/version/0.1.0/pefs-checkpoints/pefs/llama3d1_8b_0908/llama_3_1_8b_sl8192/bs16/coe_pef/Llama3_8B_TP16_ss8192_4096_voc128256_inference_sampling_0906_CoE_ckpt_sharing_BS16_SS8192_4096.pef"", ""copy_pef"": ""COPY_PEF_LLAMA3_8B_8K_PEF_BS16"", ""jira"": null}}","{'Meta-Llama-3.1-8B-Instruct': 'gs://acp-coe-models-checkpoints-prod-0/version/0.1.0/pefs-checkpoints/ckpts/Meta-Llama-3.1-8B-Instruct', 'Llama-3.1-Swallow-8B-Instruct-v0.3': 'gs://acp-coe-models-checkpoints-prod-0/version/0.1.0/pefs-checkpoints/ckpts/Llama-3.1-Swallow-8B-Instruct-v0.3', 'Llama-3.1-Tulu-3-8B': 'gs://acp-coe-models-checkpoints-prod-0/version/0.1.0/pefs-checkpoints/ckpts/Llama-3.1-Tulu-8-8B-ext-bfloat16_v2'}",[]
Samba1_Llama3d2_Experts-1b-False-131072,Samba1_Llama3d2_Experts-1b-False,Samba1 Llama3.2 Experts,"['Meta-Llama-3.2-1B-Distill-Instruct', 'Meta-Llama-3.2-1B-Instruct', 'Swallow-1B-Draft']","['70b-3dot1-ss-4-8-64-128k', '70b-3dot3-ss-4-8-64-128k', '70b-distill-ss-4-8-64-128k', '70b-l-3dot1', '70b-l-3dot3', '70b-ss-32-64-128k', '70b-ss-32-64-128k-3dot3-multi', '70b-swallow-ss-32-64-128k']",1b,131072,128k,False,[1],"{""1"": {""pef_path"": ""gs://acp-coe-models-checkpoints-prod-0/version/0.1.0/pefs-checkpoints/pefs/PEF_1529/llama3_2_1b_tp16_ss4096_32768_65536_106496_131072__4096_16384_32768_49152_65536__4096_8192_16384_24576_32768_qs1_voc128256_balanced_inference/coe_pef_bs1_ss4096_32768_65536_106496_131072/Llama3_2_1B_TP16_ss4096_32768_65536_106496_131072__4096_16384_32768_49152_65536__4096_8192_16384_24576_32768_qs1_voc128256_balanced_inference_CoE_ckpt_sharing_BS1_SS4096_32768_65536_106496_131072.pef"", ""copy_pef"": ""COPY_PEF_LLAMA3D2_1B_128K_PEF_BS1"", ""jira"": ""PEF-1529""}}","{'Meta-Llama-3.2-1B-Instruct': 'gs://acp-coe-models-checkpoints-prod-0/version/0.1.0/pefs-checkpoints/ckpts/meta-llama-Llama-3.2-1B-Instruct_untie', 'Meta-Llama-3.2-1B-Distill-Instruct': 'gs://acp-coe-models-checkpoints-prod-0/version/0.1.0/pefs-checkpoints/ckpts/llama_3p2_1b_r1_distill_70B_draft_checkpoint_100000_untie', 'Swallow-1B-Draft': 'gs://acp-coe-models-checkpoints-prod-0/version/0.1.0/pefs-checkpoints/ckpts/swallow_1b_checkpoint-2464_untie'}",[]
Samba1_Llama3d2_Experts-1b-False-16384,Samba1_Llama3d2_Experts-1b-False,Samba1 Llama3.2 Experts,"['Meta-Llama-3.2-1B-Distill-Instruct', 'Meta-Llama-3.2-1B-Instruct', 'Swallow-1B-Draft']","['70b-3dot3-ss-16-32k-batching', '70b-ss-4-8k-3dot3-llama-small', '70b-ss-8-16-32k', '70b-ss-8-16-32k-3dot3-multi', '70b-swallow-ss-8-16-32k', 'llama-small', 'llama70b-deepseek-distill', 'llama70b-s-m']",1b,16384,16k,False,"[1, 2, 4, 8]","{""1"": {""pef_path"": ""gs://acp-coe-models-checkpoints-prod-0/version/0.1.0/pefs-checkpoints/pefs/PEF_328_1B_16k/coe_pef_bs1_ss16384_12288_10752_8192_256/Llama3.2_1B_ss16384_12288_10752_8192_256_voc128256_inference_TP16_OCS_1104_5_prefill_graph_CoE_ckpt_sharing_BS1_SS16384_12288_10752_8192_256.pef"", ""copy_pef"": null, ""jira"": ""PEF-328""}, ""2"": {""pef_path"": ""gs://acp-coe-models-checkpoints-prod-0/version/0.1.0/pefs-checkpoints/pefs/PEF_328_1B_16k/coe_pef_bs2_ss16384_12288_10752_8192_256/Llama3.2_1B_ss16384_12288_10752_8192_256_voc128256_inference_TP16_OCS_1104_5_prefill_graph_CoE_ckpt_sharing_BS2_SS16384_12288_10752_8192_256.pef"", ""copy_pef"": null, ""jira"": ""PEF-328""}, ""4"": {""pef_path"": ""gs://acp-coe-models-checkpoints-prod-0/version/0.1.0/pefs-checkpoints/pefs/PEF_328_1B_16k/coe_pef_bs4_ss16384_12288_10752_8192_256/Llama3.2_1B_ss16384_12288_10752_8192_256_voc128256_inference_TP16_OCS_1104_5_prefill_graph_CoE_ckpt_sharing_BS4_SS16384_12288_10752_8192_256.pef"", ""copy_pef"": null, ""jira"": ""PEF-328""}, ""8"": {""pef_path"": ""gs://acp-coe-models-checkpoints-prod-0/version/0.1.0/pefs-checkpoints/pefs/PEF_328_1B_16k/coe_pef_bs8_ss16384_12288_10752_8192_256/Llama3.2_1B_ss16384_12288_10752_8192_256_voc128256_inference_TP16_OCS_1104_5_prefill_graph_CoE_ckpt_sharing_BS8_SS16384_12288_10752_8192_256.pef"", ""copy_pef"": null, ""jira"": ""PEF-328""}}","{'Meta-Llama-3.2-1B-Instruct': 'gs://acp-coe-models-checkpoints-prod-0/version/0.1.0/pefs-checkpoints/ckpts/meta-llama-Llama-3.2-1B-Instruct_untie', 'Meta-Llama-3.2-1B-Distill-Instruct': 'gs://acp-coe-models-checkpoints-prod-0/version/0.1.0/pefs-checkpoints/ckpts/llama_3p2_1b_r1_distill_70B_draft_checkpoint_100000_untie', 'Swallow-1B-Draft': 'gs://acp-coe-models-checkpoints-prod-0/version/0.1.0/pefs-checkpoints/ckpts/swallow_1b_checkpoint-2464_untie'}",[]
Samba1_Llama3d2_Experts-1b-False-32768,Samba1_Llama3d2_Experts-1b-False,Samba1 Llama3.2 Experts,"['Meta-Llama-3.2-1B-Distill-Instruct', 'Meta-Llama-3.2-1B-Instruct', 'Swallow-1B-Draft']","['70b-3dot3-ss-16-32k-batching', '70b-l-3dot1', '70b-l-3dot3', '70b-ss-32-64-128k', '70b-ss-32-64-128k-3dot3-multi', '70b-ss-8-16-32k', '70b-ss-8-16-32k-3dot3-multi', '70b-swallow-ss-32-64-128k', '70b-swallow-ss-8-16-32k']",1b,32768,32k,False,"[1, 2, 4]","{""1"": {""pef_path"": ""gs://acp-coe-models-checkpoints-prod-0/version/0.1.0/pefs-checkpoints/pefs/PEF_1529/llama3_2_1b_tp16_ss4096_32768_65536_106496_131072__4096_16384_32768_49152_65536__4096_8192_16384_24576_32768_qs1_voc128256_balanced_inference/coe_pef_bs1_ss4096_8192_16384_24576_32768/Llama3_2_1B_TP16_ss4096_32768_65536_106496_131072__4096_16384_32768_49152_65536__4096_8192_16384_24576_32768_qs1_voc128256_balanced_inference_CoE_ckpt_sharing_BS1_SS4096_8192_16384_24576_32768.pef"", ""copy_pef"": ""COPY_PEF_LLAMA3D2_1B_32K_PEF_BS1"", ""jira"": ""PEF-1529""}, ""2"": {""pef_path"": ""gs://acp-coe-models-checkpoints-prod-0/version/0.1.0/pefs-checkpoints/pefs/PEF_1529/llama3_2_1b_tp16_ss4096_32768_65536_106496_131072__4096_16384_32768_49152_65536__4096_8192_16384_24576_32768_qs1_voc128256_balanced_inference/coe_pef_bs2_ss4096_8192_16384_24576_32768/Llama3_2_1B_TP16_ss4096_32768_65536_106496_131072__4096_16384_32768_49152_65536__4096_8192_16384_24576_32768_qs1_voc128256_balanced_inference_CoE_ckpt_sharing_BS2_SS4096_8192_16384_24576_32768.pef"", ""copy_pef"": ""COPY_PEF_LLAMA3D2_1B_32K_PEF_BS2"", ""jira"": ""PEF-1529""}, ""4"": {""pef_path"": ""gs://acp-coe-models-checkpoints-prod-0/version/0.1.0/pefs-checkpoints/pefs/PEF_1529/llama3_2_1b_tp16_ss4096_32768_65536_106496_131072__4096_16384_32768_49152_65536__4096_8192_16384_24576_32768_qs1_voc128256_balanced_inference/coe_pef_bs4_ss4096_8192_16384_24576_32768/Llama3_2_1B_TP16_ss4096_32768_65536_106496_131072__4096_16384_32768_49152_65536__4096_8192_16384_24576_32768_qs1_voc128256_balanced_inference_CoE_ckpt_sharing_BS4_SS4096_8192_16384_24576_32768.pef"", ""copy_pef"": ""COPY_PEF_LLAMA3D2_1B_32K_PEF_BS4"", ""jira"": ""PEF-1529""}}","{'Meta-Llama-3.2-1B-Instruct': 'gs://acp-coe-models-checkpoints-prod-0/version/0.1.0/pefs-checkpoints/ckpts/meta-llama-Llama-3.2-1B-Instruct_untie', 'Meta-Llama-3.2-1B-Distill-Instruct': 'gs://acp-coe-models-checkpoints-prod-0/version/0.1.0/pefs-checkpoints/ckpts/llama_3p2_1b_r1_distill_70B_draft_checkpoint_100000_untie', 'Swallow-1B-Draft': 'gs://acp-coe-models-checkpoints-prod-0/version/0.1.0/pefs-checkpoints/ckpts/swallow_1b_checkpoint-2464_untie'}",[]
Samba1_Llama3d2_Experts-1b-False-4096,Samba1_Llama3d2_Experts-1b-False,Samba1 Llama3.2 Experts,"['Meta-Llama-3.2-1B-Distill-Instruct', 'Meta-Llama-3.2-1B-Instruct', 'Swallow-1B-Draft']","['70b-3dot1-ss-4-8-64-128k', '70b-3dot3-ss-4-8-64-128k', '70b-distill-ss-4-8-64-128k', '70b-ss-4-8k', '70b-ss-4-8k-3dot3-distill', '70b-ss-4-8k-3dot3-llama-small', '70b-ss-4-8k-3dot3-with-qwen', '70b-swallow-ss-4-8k', 'llama-small', 'llama70b-deepseek-distill', 'llama70b-s', 'llama70b-s-m']",1b,4096,4k,False,"[1, 2, 4, 8, 16, 32]","{""1"": {""pef_path"": ""gs://acp-coe-models-checkpoints-prod-0/version/0.1.0/pefs-checkpoints/pefs/PEF_328_1B/coe_pef_bs1_ss4096_2048_1152_512_256/Llama3.2_1B_ss4096_2048_1152_512_256_voc128256_inference_TP16_OCS_1101_5_prefill_graph_CoE_ckpt_sharing_BS1_SS4096_2048_1152_512_256.pef"", ""copy_pef"": null, ""jira"": ""PEF-328""}, ""2"": {""pef_path"": ""gs://acp-coe-models-checkpoints-prod-0/version/0.1.0/pefs-checkpoints/pefs/PEF_328_1B/coe_pef_bs2_ss4096_2048_1152_512_256/Llama3.2_1B_ss4096_2048_1152_512_256_voc128256_inference_TP16_OCS_1101_5_prefill_graph_CoE_ckpt_sharing_BS2_SS4096_2048_1152_512_256.pef"", ""copy_pef"": null, ""jira"": ""PEF-328""}, ""4"": {""pef_path"": ""gs://acp-coe-models-checkpoints-prod-0/version/0.1.0/pefs-checkpoints/pefs/PEF_328_1B/coe_pef_bs4_ss4096_2048_1152_512_256/Llama3.2_1B_ss4096_2048_1152_512_256_voc128256_inference_TP16_OCS_1101_5_prefill_graph_CoE_ckpt_sharing_BS4_SS4096_2048_1152_512_256.pef"", ""copy_pef"": null, ""jira"": ""PEF-328""}, ""8"": {""pef_path"": ""gs://acp-coe-models-checkpoints-prod-0/version/0.1.0/pefs-checkpoints/pefs/PEF_328_1B/coe_pef_bs8_ss4096_2048_1152_512_256/Llama3.2_1B_ss4096_2048_1152_512_256_voc128256_inference_TP16_OCS_1101_5_prefill_graph_CoE_ckpt_sharing_BS8_SS4096_2048_1152_512_256.pef"", ""copy_pef"": null, ""jira"": ""PEF-328""}, ""16"": {""pef_path"": ""gs://acp-coe-models-checkpoints-prod-0/version/0.1.0/pefs-checkpoints/pefs/PEF_328_1B/coe_pef_bs16_ss4096_2048_1152_512_256/Llama3.2_1B_ss4096_2048_1152_512_256_voc128256_inference_TP16_OCS_1101_5_prefill_graph_CoE_ckpt_sharing_BS16_SS4096_2048_1152_512_256.pef"", ""copy_pef"": null, ""jira"": ""PEF-328""}, ""32"": {""pef_path"": ""gs://acp-coe-models-checkpoints-prod-0/version/0.1.0/pefs-checkpoints/pefs/PEF_341_0107/coe_pef_bs32_ss1024_4096/Llama3.2_1B_ss4096_1024_voc128256_inference_TP16_OCS_DP2_revert_RMSNORM_fix_embedding_tiling_0107_CoE_ckpt_sharing_BS32_SS1024_4096.pef"", ""copy_pef"": null, ""jira"": ""PEF-341""}}","{'Meta-Llama-3.2-1B-Instruct': 'gs://acp-coe-models-checkpoints-prod-0/version/0.1.0/pefs-checkpoints/ckpts/meta-llama-Llama-3.2-1B-Instruct_untie', 'Meta-Llama-3.2-1B-Distill-Instruct': 'gs://acp-coe-models-checkpoints-prod-0/version/0.1.0/pefs-checkpoints/ckpts/llama_3p2_1b_r1_distill_70B_draft_checkpoint_100000_untie', 'Swallow-1B-Draft': 'gs://acp-coe-models-checkpoints-prod-0/version/0.1.0/pefs-checkpoints/ckpts/swallow_1b_checkpoint-2464_untie'}",[]
Samba1_Llama3d2_Experts-1b-False-65536,Samba1_Llama3d2_Experts-1b-False,Samba1 Llama3.2 Experts,"['Meta-Llama-3.2-1B-Distill-Instruct', 'Meta-Llama-3.2-1B-Instruct', 'Swallow-1B-Draft']","['70b-3dot1-ss-4-8-64-128k', '70b-3dot3-ss-4-8-64-128k', '70b-distill-ss-4-8-64-128k', '70b-l-3dot1', '70b-l-3dot3', '70b-ss-32-64-128k', '70b-ss-32-64-128k-3dot3-multi', '70b-swallow-ss-32-64-128k']",1b,65536,64k,False,[1],"{""1"": {""pef_path"": ""gs://acp-coe-models-checkpoints-prod-0/version/0.1.0/pefs-checkpoints/pefs/PEF_1529/llama3_2_1b_tp16_ss4096_32768_65536_106496_131072__4096_16384_32768_49152_65536__4096_8192_16384_24576_32768_qs1_voc128256_balanced_inference/coe_pef_bs1_ss4096_16384_32768_49152_65536/Llama3_2_1B_TP16_ss4096_32768_65536_106496_131072__4096_16384_32768_49152_65536__4096_8192_16384_24576_32768_qs1_voc128256_balanced_inference_CoE_ckpt_sharing_BS1_SS4096_16384_32768_49152_65536.pef"", ""copy_pef"": ""COPY_PEF_LLAMA3D2_1B_64K_PEF_BS1"", ""jira"": ""PEF-1529""}}","{'Meta-Llama-3.2-1B-Instruct': 'gs://acp-coe-models-checkpoints-prod-0/version/0.1.0/pefs-checkpoints/ckpts/meta-llama-Llama-3.2-1B-Instruct_untie', 'Meta-Llama-3.2-1B-Distill-Instruct': 'gs://acp-coe-models-checkpoints-prod-0/version/0.1.0/pefs-checkpoints/ckpts/llama_3p2_1b_r1_distill_70B_draft_checkpoint_100000_untie', 'Swallow-1B-Draft': 'gs://acp-coe-models-checkpoints-prod-0/version/0.1.0/pefs-checkpoints/ckpts/swallow_1b_checkpoint-2464_untie'}",[]
Samba1_Llama3d2_Experts-1b-False-8192,Samba1_Llama3d2_Experts-1b-False,Samba1 Llama3.2 Experts,"['Meta-Llama-3.2-1B-Distill-Instruct', 'Meta-Llama-3.2-1B-Instruct', 'Swallow-1B-Draft']","['70b-3dot1-ss-4-8-64-128k', '70b-3dot3-ss-4-8-64-128k', '70b-distill-ss-4-8-64-128k', '70b-ss-4-8k', '70b-ss-4-8k-3dot3-distill', '70b-ss-4-8k-3dot3-llama-small', '70b-ss-4-8k-3dot3-with-qwen', '70b-ss-8-16-32k', '70b-ss-8-16-32k-3dot3-multi', '70b-swallow-ss-4-8k', '70b-swallow-ss-8-16-32k', 'llama-small', 'llama70b-deepseek-distill', 'llama70b-s-m']",1b,8192,8k,False,"[1, 2, 4, 8, 16]","{""1"": {""pef_path"": ""gs://acp-coe-models-checkpoints-prod-0/version/0.1.0/pefs-checkpoints/pefs/PEF_286_llama3p2_1b_8k/coe_pef_bs1_ss4096_8192/Llama3.2_1B_ss8192_4096_voc128256_inference_TP16_1002_CoE_ckpt_sharing_BS1_SS4096_8192.pef"", ""copy_pef"": null, ""jira"": ""PEF-286""}, ""2"": {""pef_path"": ""gs://acp-coe-models-checkpoints-prod-0/version/0.1.0/pefs-checkpoints/pefs/PEF_286_llama3p2_1b_8k/coe_pef_bs2_ss4096_8192/Llama3.2_1B_ss8192_4096_voc128256_inference_TP16_1002_CoE_ckpt_sharing_BS2_SS4096_8192.pef"", ""copy_pef"": null, ""jira"": ""PEF-286""}, ""4"": {""pef_path"": ""gs://acp-coe-models-checkpoints-prod-0/version/0.1.0/pefs-checkpoints/pefs/PEF_286_llama3p2_1b_8k/coe_pef_bs4_ss4096_8192/Llama3.2_1B_ss8192_4096_voc128256_inference_TP16_1002_CoE_ckpt_sharing_BS4_SS4096_8192.pef"", ""copy_pef"": null, ""jira"": ""PEF-286""}, ""8"": {""pef_path"": ""gs://acp-coe-models-checkpoints-prod-0/version/0.1.0/pefs-checkpoints/pefs/PEF_286_llama3p2_1b_8k/coe_pef_bs8_ss4096_8192/Llama3.2_1B_ss8192_4096_voc128256_inference_TP16_1002_CoE_ckpt_sharing_BS8_SS4096_8192.pef"", ""copy_pef"": null, ""jira"": ""PEF-286""}, ""16"": {""pef_path"": ""gs://acp-coe-models-checkpoints-prod-0/version/0.1.0/pefs-checkpoints/pefs/PEF_286_llama3p2_1b_8k/coe_pef_bs16_ss4096_8192/Llama3.2_1B_ss8192_4096_voc128256_inference_TP16_1002_CoE_ckpt_sharing_BS16_SS4096_8192.pef"", ""copy_pef"": null, ""jira"": ""PEF-286""}}","{'Meta-Llama-3.2-1B-Instruct': 'gs://acp-coe-models-checkpoints-prod-0/version/0.1.0/pefs-checkpoints/ckpts/meta-llama-Llama-3.2-1B-Instruct_untie', 'Meta-Llama-3.2-1B-Distill-Instruct': 'gs://acp-coe-models-checkpoints-prod-0/version/0.1.0/pefs-checkpoints/ckpts/llama_3p2_1b_r1_distill_70B_draft_checkpoint_100000_untie', 'Swallow-1B-Draft': 'gs://acp-coe-models-checkpoints-prod-0/version/0.1.0/pefs-checkpoints/ckpts/swallow_1b_checkpoint-2464_untie'}",[]
Samba1_Llama3d2_Experts-3b-surgery-False-4096,Samba1_Llama3d2_Experts-3b-surgery-False,Samba1 Llama3.2 Experts,['Meta-Llama-3.2-3B-Instruct'],"['70b-ss-4-8k-3dot3-llama-small', 'llama-small', 'llama405B-s', 'llama405B-s-m']",3b-surgery,4096,4k,False,"[1, 2, 4, 8]","{""1"": {""pef_path"": ""gs://acp-coe-models-checkpoints-prod-0/version/0.1.0/pefs-checkpoints/pefs/PEF_328_3B/coe_pef_bs1_ss4096_2048_1152_512_256/Llama3.2_3B_ss4096_2048_1152_512_256_voc128256_inference_TP16_OCS_1101_5_prefill_graph_CoE_ckpt_sharing_BS1_SS4096_2048_1152_512_256.pef"", ""copy_pef"": null, ""jira"": ""PEF-328""}, ""2"": {""pef_path"": ""gs://acp-coe-models-checkpoints-prod-0/version/0.1.0/pefs-checkpoints/pefs/PEF_328_3B/coe_pef_bs2_ss4096_2048_1152_512_256/Llama3.2_3B_ss4096_2048_1152_512_256_voc128256_inference_TP16_OCS_1101_5_prefill_graph_CoE_ckpt_sharing_BS2_SS4096_2048_1152_512_256.pef"", ""copy_pef"": null, ""jira"": ""PEF-328""}, ""4"": {""pef_path"": ""gs://acp-coe-models-checkpoints-prod-0/version/0.1.0/pefs-checkpoints/pefs/PEF_328_3B/coe_pef_bs4_ss4096_2048_1152_512_256/Llama3.2_3B_ss4096_2048_1152_512_256_voc128256_inference_TP16_OCS_1101_5_prefill_graph_CoE_ckpt_sharing_BS4_SS4096_2048_1152_512_256.pef"", ""copy_pef"": null, ""jira"": ""PEF-328""}, ""8"": {""pef_path"": ""gs://acp-coe-models-checkpoints-prod-0/version/0.1.0/pefs-checkpoints/pefs/PEF_328_3B/coe_pef_bs8_ss4096_2048_1152_512_256/Llama3.2_3B_ss4096_2048_1152_512_256_voc128256_inference_TP16_OCS_1101_5_prefill_graph_CoE_ckpt_sharing_BS8_SS4096_2048_1152_512_256.pef"", ""copy_pef"": null, ""jira"": ""PEF-328""}}",{'Meta-Llama-3.2-3B-Instruct': 'gs://acp-coe-models-checkpoints-prod-0/version/0.1.0/pefs-checkpoints/ckpts/meta-llama-Llama-3.2-3B-Instruct_untie'},[]
Samba1_Llama3d2_Experts-3b-surgery-False-8192,Samba1_Llama3d2_Experts-3b-surgery-False,Samba1 Llama3.2 Experts,['Meta-Llama-3.2-3B-Instruct'],['llama405B-s-m'],3b-surgery,8192,8k,False,[1],"{""1"": {""pef_path"": ""gs://acp-coe-models-checkpoints-prod-0/version/0.1.0/pefs-checkpoints/pefs/PEF_286_3B_8K/coe_pef_bs1_ss4096_8192/Llama3.2_3B_ss8192_4096_voc128256_inference_TP16_1002_CoE_ckpt_sharing_BS1_SS4096_8192.pef"", ""copy_pef"": null, ""jira"": ""PEF-286""}}",{'Meta-Llama-3.2-3B-Instruct': 'gs://acp-coe-models-checkpoints-prod-0/version/0.1.0/pefs-checkpoints/ckpts/meta-llama-Llama-3.2-3B-Instruct_untie'},[]
Samba1_Llama3d3_Experts-70b-False-32768,Samba1_Llama3d3_Experts-70b-False,Samba1 Llama3.3 Experts,['DeepSeek-R1-Distill-Llama-70B'],['llama70b-deepseek-distill'],70b,32768,32k,False,[1],"{""1"": {""pef_path"": ""gs://acp-coe-models-checkpoints-prod-0/version/0.1.0/pefs-checkpoints/pefs/PEF_330_llama3d1_70B_32k/bs1/Llama3_70B_TP16_ss4096_32768_bs1_4_8_16_voc128256_balanced_inference_CoE_ckpt_sharing_BS1_SS4096_32768.pef"", ""copy_pef"": null, ""jira"": ""PEF-330""}}",{'DeepSeek-R1-Distill-Llama-70B': 'gs://acp-coe-models-checkpoints-prod-0/version/0.1.0/pefs-checkpoints/ckpts/DeepSeek-R1-Distill-Llama-70B'},[]
Samba1_Llama3d3_Experts-70b-True-131072,Samba1_Llama3d3_Experts-70b-True,Samba1 Llama3.3 Experts,"['DeepSeek-R1-Distill-Llama-70B', 'Llama-3.3-Swallow-70B-Instruct-v0.4', 'Meta-Llama-3.3-70B-Instruct']","['70b-3dot3-ss-4-8-64-128k', '70b-distill-ss-4-8-64-128k', '70b-l-3dot3', '70b-ss-32-64-128k', '70b-ss-32-64-128k-3dot3-multi', '70b-swallow-ss-32-64-128k']",70b,131072,128k,True,[1],"{""1"": {""pef_path"": ""gs://acp-coe-models-checkpoints-prod-0/version/0.1.0/pefs-checkpoints/pefs/PEF_1529/llama3_70b_tp16_ss4096_32768_65536_106496_131072__4096_16384_32768_49152_65536__4096_8192_16384_24576_32768_qs6_voc128256_balanced_inference/coe_pef_bs1_ss4096_32768_65536_106496_131072/Llama3_70B_TP16_ss4096_32768_65536_106496_131072__4096_16384_32768_49152_65536__4096_8192_16384_24576_32768_qs6_voc128256_balanced_inference_CoE_ckpt_sharing_BS1_SS4096_32768_65536_106496_131072.pef"", ""copy_pef"": ""COPY_PEF_LLAMA3D1_70B_128K_PEF_BS1"", ""jira"": ""PEF-1529""}}","{'Meta-Llama-3.3-70B-Instruct': 'gs://acp-coe-models-checkpoints-prod-0/version/0.1.0/pefs-checkpoints/ckpts/Llama-3.3-70B-Instruct', 'DeepSeek-R1-Distill-Llama-70B': 'gs://acp-coe-models-checkpoints-prod-0/version/0.1.0/pefs-checkpoints/ckpts/DeepSeek-R1-Distill-Llama-70B', 'Llama-3.3-Ricoh-70B-20250325': 'gs://acp-coe-models-checkpoints-prod-0/version/0.1.0/pefs-checkpoints/ckpts/ricoh_ckpt_70b', 'Llama-3.3-Swallow-70B-Instruct-v0.4': 'gs://acp-coe-models-checkpoints-prod-0/version/0.1.0/pefs-checkpoints/ckpts/Llama-3.3-Swallow-70B-Instruct-v0.4'}","['Llama-3.3-Ricoh-1B', 'Meta-Llama-3.2-1B-Distill-Instruct', 'Meta-Llama-3.2-1B-Instruct', 'Swallow-1B-Draft']"
Samba1_Llama3d3_Experts-70b-True-16384,Samba1_Llama3d3_Experts-70b-True,Samba1 Llama3.3 Experts,"['DeepSeek-R1-Distill-Llama-70B', 'Llama-3.3-Swallow-70B-Instruct-v0.4', 'Meta-Llama-3.3-70B-Instruct']","['70b-3dot3-ss-16-32k-batching', '70b-ss-8-16-32k', '70b-ss-8-16-32k-3dot3-multi', '70b-swallow-ss-8-16-32k', 'llama70b-deepseek-distill', 'llama70b-s-m']",70b,16384,16k,True,"[1, 2, 4]","{""1"": {""pef_path"": ""gs://acp-coe-models-checkpoints-prod-0/version/0.1.0/pefs-checkpoints/pefs/PEF_1323/coe_pef_bs1_ss8192_10752_12288_16384_q_ss6/Llama3dot1_70B_TP16_ss4096_CoE_ckpt_sharing_BS1_SS8192_10752_12288_16384_Q_SS6.pef"", ""copy_pef"": null, ""jira"": ""PEF-1323""}, ""2"": {""pef_path"": ""gs://acp-coe-models-checkpoints-prod-0/version/0.1.0/pefs-checkpoints/pefs/PEF_1323/coe_pef_bs2_ss8192_10752_12288_16384_q_ss6/Llama3dot1_70B_TP16_ss4096_CoE_ckpt_sharing_BS2_SS8192_10752_12288_16384_Q_SS6.pef"", ""copy_pef"": null, ""jira"": ""PEF-1323""}, ""4"": {""pef_path"": ""gs://acp-coe-models-checkpoints-prod-0/version/0.1.0/pefs-checkpoints/pefs/PEF_1323/coe_pef_bs4_ss8192_10752_12288_16384_q_ss6/Llama3dot1_70B_TP16_ss4096_CoE_ckpt_sharing_BS4_SS8192_10752_12288_16384_Q_SS6.pef"", ""copy_pef"": null, ""jira"": ""PEF-1323""}}","{'Meta-Llama-3.3-70B-Instruct': 'gs://acp-coe-models-checkpoints-prod-0/version/0.1.0/pefs-checkpoints/ckpts/Llama-3.3-70B-Instruct', 'DeepSeek-R1-Distill-Llama-70B': 'gs://acp-coe-models-checkpoints-prod-0/version/0.1.0/pefs-checkpoints/ckpts/DeepSeek-R1-Distill-Llama-70B', 'Llama-3.3-Ricoh-70B-20250325': 'gs://acp-coe-models-checkpoints-prod-0/version/0.1.0/pefs-checkpoints/ckpts/ricoh_ckpt_70b', 'Llama-3.3-Swallow-70B-Instruct-v0.4': 'gs://acp-coe-models-checkpoints-prod-0/version/0.1.0/pefs-checkpoints/ckpts/Llama-3.3-Swallow-70B-Instruct-v0.4'}","['Llama-3.3-Ricoh-1B', 'Meta-Llama-3.2-1B-Distill-Instruct', 'Meta-Llama-3.2-1B-Instruct', 'Swallow-1B-Draft']"
Samba1_Llama3d3_Experts-70b-True-32768,Samba1_Llama3d3_Experts-70b-True,Samba1 Llama3.3 Experts,"['DeepSeek-R1-Distill-Llama-70B', 'Llama-3.3-Swallow-70B-Instruct-v0.4', 'Meta-Llama-3.3-70B-Instruct']","['70b-3dot3-ss-16-32k-batching', '70b-l-3dot3', '70b-ss-32-64-128k', '70b-ss-32-64-128k-3dot3-multi', '70b-ss-8-16-32k', '70b-ss-8-16-32k-3dot3-multi', '70b-swallow-ss-32-64-128k', '70b-swallow-ss-8-16-32k']",70b,32768,32k,True,"[1, 2, 4]","{""1"": {""pef_path"": ""gs://acp-coe-models-checkpoints-prod-0/version/0.1.0/pefs-checkpoints/pefs/PEF_1529/llama3_70b_tp16_ss4096_32768_65536_106496_131072__4096_16384_32768_49152_65536__4096_8192_16384_24576_32768_qs6_voc128256_balanced_inference/coe_pef_bs1_ss4096_8192_16384_24576_32768/Llama3_70B_TP16_ss4096_32768_65536_106496_131072__4096_16384_32768_49152_65536__4096_8192_16384_24576_32768_qs6_voc128256_balanced_inference_CoE_ckpt_sharing_BS1_SS4096_8192_16384_24576_32768.pef"", ""copy_pef"": ""COPY_PEF_LLAMA3D1_70B_32K_PEF_BS1"", ""jira"": ""PEF-1529""}, ""2"": {""pef_path"": ""gs://acp-coe-models-checkpoints-prod-0/version/0.1.0/pefs-checkpoints/pefs/PEF_1529/llama3_70b_tp16_ss4096_32768_65536_106496_131072__4096_16384_32768_49152_65536__4096_8192_16384_24576_32768_qs6_voc128256_balanced_inference/coe_pef_bs2_ss4096_8192_16384_24576_32768/Llama3_70B_TP16_ss4096_32768_65536_106496_131072__4096_16384_32768_49152_65536__4096_8192_16384_24576_32768_qs6_voc128256_balanced_inference_CoE_ckpt_sharing_BS2_SS4096_8192_16384_24576_32768.pef"", ""copy_pef"": ""COPY_PEF_LLAMA3D1_70B_32K_PEF_BS2"", ""jira"": ""PEF-1529""}, ""4"": {""pef_path"": ""gs://acp-coe-models-checkpoints-prod-0/version/0.1.0/pefs-checkpoints/pefs/PEF_1529/llama3_70b_tp16_ss4096_32768_65536_106496_131072__4096_16384_32768_49152_65536__4096_8192_16384_24576_32768_qs6_voc128256_balanced_inference/coe_pef_bs4_ss4096_8192_16384_24576_32768/Llama3_70B_TP16_ss4096_32768_65536_106496_131072__4096_16384_32768_49152_65536__4096_8192_16384_24576_32768_qs6_voc128256_balanced_inference_CoE_ckpt_sharing_BS4_SS4096_8192_16384_24576_32768.pef"", ""copy_pef"": ""COPY_PEF_LLAMA3D1_70B_32K_PEF_BS4"", ""jira"": ""PEF-1529""}}","{'Meta-Llama-3.3-70B-Instruct': 'gs://acp-coe-models-checkpoints-prod-0/version/0.1.0/pefs-checkpoints/ckpts/Llama-3.3-70B-Instruct', 'DeepSeek-R1-Distill-Llama-70B': 'gs://acp-coe-models-checkpoints-prod-0/version/0.1.0/pefs-checkpoints/ckpts/DeepSeek-R1-Distill-Llama-70B', 'Llama-3.3-Ricoh-70B-20250325': 'gs://acp-coe-models-checkpoints-prod-0/version/0.1.0/pefs-checkpoints/ckpts/ricoh_ckpt_70b', 'Llama-3.3-Swallow-70B-Instruct-v0.4': 'gs://acp-coe-models-checkpoints-prod-0/version/0.1.0/pefs-checkpoints/ckpts/Llama-3.3-Swallow-70B-Instruct-v0.4'}","['Llama-3.3-Ricoh-1B', 'Meta-Llama-3.2-1B-Distill-Instruct', 'Meta-Llama-3.2-1B-Instruct', 'Swallow-1B-Draft']"
Samba1_Llama3d3_Experts-70b-True-4096,Samba1_Llama3d3_Experts-70b-True,Samba1 Llama3.3 Experts,"['DeepSeek-R1-Distill-Llama-70B', 'Llama-3.3-Swallow-70B-Instruct-v0.4', 'Meta-Llama-3.3-70B-Instruct']","['70b-3dot3-ss-4-8-64-128k', '70b-distill-ss-4-8-64-128k', '70b-ss-4-8k', '70b-ss-4-8k-3dot3-distill', '70b-ss-4-8k-3dot3-llama-small', '70b-ss-4-8k-3dot3-with-qwen', '70b-swallow-ss-4-8k', 'llama70b-deepseek-distill', 'llama70b-s', 'llama70b-s-m']",70b,4096,4k,True,"[1, 2, 4, 8, 16, 32]","{""1"": {""pef_path"": ""gs://acp-coe-models-checkpoints-prod-0/version/0.1.0/pefs-checkpoints/pefs/PEF_1323/coe_pef_bs1_ss256_512_1152_2048_4096_q_ss10/Llama3dot1_70B_TP16_ss4096_CoE_ckpt_sharing_BS1_SS256_512_1152_2048_4096_Q_SS10.pef"", ""copy_pef"": null, ""jira"": ""PEF-1323""}, ""2"": {""pef_path"": ""gs://acp-coe-models-checkpoints-prod-0/version/0.1.0/pefs-checkpoints/pefs/PEF_1323/coe_pef_bs2_ss256_512_1152_2048_4096_q_ss6/Llama3dot1_70B_TP16_ss4096_CoE_ckpt_sharing_BS2_SS256_512_1152_2048_4096_Q_SS6.pef"", ""copy_pef"": null, ""jira"": ""PEF-1323""}, ""4"": {""pef_path"": ""gs://acp-coe-models-checkpoints-prod-0/version/0.1.0/pefs-checkpoints/pefs/PEF_1323/coe_pef_bs4_ss256_512_1152_2048_4096_q_ss6/Llama3dot1_70B_TP16_ss4096_CoE_ckpt_sharing_BS4_SS256_512_1152_2048_4096_Q_SS6.pef"", ""copy_pef"": null, ""jira"": ""PEF-1323""}, ""8"": {""pef_path"": ""gs://acp-coe-models-checkpoints-prod-0/version/0.1.0/pefs-checkpoints/pefs/PEF_1323/coe_pef_bs8_ss256_512_1152_2048_4096_q_ss6/Llama3dot1_70B_TP16_ss4096_CoE_ckpt_sharing_BS8_SS256_512_1152_2048_4096_Q_SS6.pef"", ""copy_pef"": null, ""jira"": ""PEF-1323""}, ""16"": {""pef_path"": ""gs://acp-coe-models-checkpoints-prod-0/version/0.1.0/pefs-checkpoints/pefs/PEF_1323/coe_pef_bs16_ss256_512_1152_2048_4096_q_ss6/Llama3dot1_70B_TP16_ss4096_CoE_ckpt_sharing_BS16_SS256_512_1152_2048_4096_Q_SS6.pef"", ""copy_pef"": null, ""jira"": ""PEF-1323""}, ""32"": {""pef_path"": ""gs://acp-coe-models-checkpoints-prod-0/version/0.1.0/pefs-checkpoints/pefs/PEF_1323/coe_pef_bs32_ss256_512_1152_2048_4096_q_ss6/Llama3dot1_70B_TP16_ss4096_CoE_ckpt_sharing_BS32_SS256_512_1152_2048_4096_Q_SS6.pef"", ""copy_pef"": null, ""jira"": ""PEF-1323""}}","{'Meta-Llama-3.3-70B-Instruct': 'gs://acp-coe-models-checkpoints-prod-0/version/0.1.0/pefs-checkpoints/ckpts/Llama-3.3-70B-Instruct', 'DeepSeek-R1-Distill-Llama-70B': 'gs://acp-coe-models-checkpoints-prod-0/version/0.1.0/pefs-checkpoints/ckpts/DeepSeek-R1-Distill-Llama-70B', 'Llama-3.3-Ricoh-70B-20250325': 'gs://acp-coe-models-checkpoints-prod-0/version/0.1.0/pefs-checkpoints/ckpts/ricoh_ckpt_70b', 'Llama-3.3-Swallow-70B-Instruct-v0.4': 'gs://acp-coe-models-checkpoints-prod-0/version/0.1.0/pefs-checkpoints/ckpts/Llama-3.3-Swallow-70B-Instruct-v0.4'}","['Llama-3.3-Ricoh-1B', 'Meta-Llama-3.2-1B-Distill-Instruct', 'Meta-Llama-3.2-1B-Instruct', 'Swallow-1B-Draft']"
Samba1_Llama3d3_Experts-70b-True-65536,Samba1_Llama3d3_Experts-70b-True,Samba1 Llama3.3 Experts,"['DeepSeek-R1-Distill-Llama-70B', 'Llama-3.3-Swallow-70B-Instruct-v0.4', 'Meta-Llama-3.3-70B-Instruct']","['70b-3dot3-ss-4-8-64-128k', '70b-distill-ss-4-8-64-128k', '70b-l-3dot3', '70b-ss-32-64-128k', '70b-ss-32-64-128k-3dot3-multi', '70b-swallow-ss-32-64-128k']",70b,65536,64k,True,[1],"{""1"": {""pef_path"": ""gs://acp-coe-models-checkpoints-prod-0/version/0.1.0/pefs-checkpoints/pefs/PEF_1529/llama3_70b_tp16_ss4096_32768_65536_106496_131072__4096_16384_32768_49152_65536__4096_8192_16384_24576_32768_qs6_voc128256_balanced_inference/coe_pef_bs1_ss4096_16384_32768_49152_65536/Llama3_70B_TP16_ss4096_32768_65536_106496_131072__4096_16384_32768_49152_65536__4096_8192_16384_24576_32768_qs6_voc128256_balanced_inference_CoE_ckpt_sharing_BS1_SS4096_16384_32768_49152_65536.pef"", ""copy_pef"": ""COPY_PEF_LLAMA3D1_70B_64K_PEF_BS1"", ""jira"": ""PEF-1529""}}","{'Meta-Llama-3.3-70B-Instruct': 'gs://acp-coe-models-checkpoints-prod-0/version/0.1.0/pefs-checkpoints/ckpts/Llama-3.3-70B-Instruct', 'DeepSeek-R1-Distill-Llama-70B': 'gs://acp-coe-models-checkpoints-prod-0/version/0.1.0/pefs-checkpoints/ckpts/DeepSeek-R1-Distill-Llama-70B', 'Llama-3.3-Ricoh-70B-20250325': 'gs://acp-coe-models-checkpoints-prod-0/version/0.1.0/pefs-checkpoints/ckpts/ricoh_ckpt_70b', 'Llama-3.3-Swallow-70B-Instruct-v0.4': 'gs://acp-coe-models-checkpoints-prod-0/version/0.1.0/pefs-checkpoints/ckpts/Llama-3.3-Swallow-70B-Instruct-v0.4'}","['Llama-3.3-Ricoh-1B', 'Meta-Llama-3.2-1B-Distill-Instruct', 'Meta-Llama-3.2-1B-Instruct', 'Swallow-1B-Draft']"
Samba1_Llama3d3_Experts-70b-True-8192,Samba1_Llama3d3_Experts-70b-True,Samba1 Llama3.3 Experts,"['DeepSeek-R1-Distill-Llama-70B', 'Llama-3.3-Swallow-70B-Instruct-v0.4', 'Meta-Llama-3.3-70B-Instruct']","['70b-3dot3-ss-4-8-64-128k', '70b-distill-ss-4-8-64-128k', '70b-ss-4-8k', '70b-ss-4-8k-3dot3-distill', '70b-ss-4-8k-3dot3-llama-small', '70b-ss-4-8k-3dot3-with-qwen', '70b-ss-8-16-32k', '70b-ss-8-16-32k-3dot3-multi', '70b-swallow-ss-4-8k', '70b-swallow-ss-8-16-32k', 'llama70b-deepseek-distill', 'llama70b-s-m']",70b,8192,8k,True,"[1, 2, 4, 8]","{""1"": {""pef_path"": ""gs://acp-coe-models-checkpoints-prod-0/version/0.1.0/pefs-checkpoints/pefs/PEF_1323/coe_pef_bs1_ss4096_6400_8192_q_ss6/Llama3dot1_70B_TP16_ss4096_CoE_ckpt_sharing_BS1_SS4096_6400_8192_Q_SS6.pef"", ""copy_pef"": null, ""jira"": ""PEF-1323""}, ""2"": {""pef_path"": ""gs://acp-coe-models-checkpoints-prod-0/version/0.1.0/pefs-checkpoints/pefs/PEF_1323/coe_pef_bs2_ss4096_6400_8192_q_ss6/Llama3dot1_70B_TP16_ss4096_CoE_ckpt_sharing_BS2_SS4096_6400_8192_Q_SS6.pef"", ""copy_pef"": null, ""jira"": ""PEF-1323""}, ""4"": {""pef_path"": ""gs://acp-coe-models-checkpoints-prod-0/version/0.1.0/pefs-checkpoints/pefs/PEF_1323/coe_pef_bs4_ss4096_6400_8192_q_ss6/Llama3dot1_70B_TP16_ss4096_CoE_ckpt_sharing_BS4_SS4096_6400_8192_Q_SS6.pef"", ""copy_pef"": null, ""jira"": ""PEF-1323""}, ""8"": {""pef_path"": ""gs://acp-coe-models-checkpoints-prod-0/version/0.1.0/pefs-checkpoints/pefs/PEF_1323/coe_pef_bs8_ss4096_6400_8192_q_ss6/Llama3dot1_70B_TP16_ss4096_CoE_ckpt_sharing_BS8_SS4096_6400_8192_Q_SS6.pef"", ""copy_pef"": null, ""jira"": ""PEF-1323""}}","{'Meta-Llama-3.3-70B-Instruct': 'gs://acp-coe-models-checkpoints-prod-0/version/0.1.0/pefs-checkpoints/ckpts/Llama-3.3-70B-Instruct', 'DeepSeek-R1-Distill-Llama-70B': 'gs://acp-coe-models-checkpoints-prod-0/version/0.1.0/pefs-checkpoints/ckpts/DeepSeek-R1-Distill-Llama-70B', 'Llama-3.3-Ricoh-70B-20250325': 'gs://acp-coe-models-checkpoints-prod-0/version/0.1.0/pefs-checkpoints/ckpts/ricoh_ckpt_70b', 'Llama-3.3-Swallow-70B-Instruct-v0.4': 'gs://acp-coe-models-checkpoints-prod-0/version/0.1.0/pefs-checkpoints/ckpts/Llama-3.3-Swallow-70B-Instruct-v0.4'}","['Llama-3.3-Ricoh-1B', 'Meta-Llama-3.2-1B-Distill-Instruct', 'Meta-Llama-3.2-1B-Instruct', 'Swallow-1B-Draft']"
Samba1_Llama4_Experts-17b-False-131072,Samba1_Llama4_Experts-17b-False,Samba1 Llama4 Experts,['Llama-4-Maverick-17B-128E-Instruct'],['llama-4-medium-ss-128k'],17b,131072,128k,False,[1],"{""1"": {""pef_path"": ""gs://acp-coe-models-checkpoints-prod-0/version/0.1.0/pefs-checkpoints/pefs/PEF_1703/Llama-4-Maverick-17B-128E-Instruct.pef"", ""copy_pef"": null, ""jira"": ""PEF-1703""}}",{'Llama-4-Maverick-17B-128E-Instruct': 'gs://acp-coe-models-checkpoints-prod-0/version/0.1.0/pefs-checkpoints/ckpts/Llama-4-Maverick-17B-128E-Instruct_surgery-FP8-128E-RDU'},[]
Samba1_Llama4_Experts-17b-False-16384,Samba1_Llama4_Experts-17b-False,Samba1 Llama4 Experts,['Llama-4-Maverick-17B-128E-Instruct'],['llama-4-medium-ss-8k-16k'],17b,16384,16k,False,[1],"{""1"": {""pef_path"": ""gs://acp-coe-models-checkpoints-prod-0/version/0.1.0/pefs-checkpoints/pefs/PEF_1693/16k/Llama-4-Maverick-17B-128E-Instruct.pef"", ""copy_pef"": null, ""jira"": ""PEF-1693""}}",{'Llama-4-Maverick-17B-128E-Instruct': 'gs://acp-coe-models-checkpoints-prod-0/version/0.1.0/pefs-checkpoints/ckpts/Llama-4-Maverick-17B-128E-Instruct_surgery-FP8-128E-RDU'},[]
Samba1_Llama4_Experts-17b-False-65536,Samba1_Llama4_Experts-17b-False,Samba1 Llama4 Experts,['Llama-4-Maverick-17B-128E-Instruct'],['llama-4-medium-ss-8k-64k'],17b,65536,64k,False,[1],"{""1"": {""pef_path"": ""gs://acp-coe-models-checkpoints-prod-0/version/0.1.0/pefs-checkpoints/pefs/PEF_1693/64k/Llama-4-Maverick-17B-128E-Instruct.pef"", ""copy_pef"": null, ""jira"": ""PEF-1693""}}",{'Llama-4-Maverick-17B-128E-Instruct': 'gs://acp-coe-models-checkpoints-prod-0/version/0.1.0/pefs-checkpoints/ckpts/Llama-4-Maverick-17B-128E-Instruct_surgery-FP8-128E-RDU'},[]
Samba1_Llama4_Experts-17b-False-8192,Samba1_Llama4_Experts-17b-False,Samba1 Llama4 Experts,['Llama-4-Maverick-17B-128E-Instruct'],"['llama-4-medium', 'llama-4-medium-text', 'llama-4-medium-vision']",17b,8192,8k,False,[1],"{""1"": {""pef_path"": ""gs://acp-coe-models-checkpoints-prod-0/version/0.1.0/pefs-checkpoints/pefs/PEF_1674/Llama-4-Maverick-17B-128E-Instruct.pef"", ""copy_pef"": null, ""jira"": ""PEF-1674""}}",{'Llama-4-Maverick-17B-128E-Instruct': 'gs://acp-coe-models-checkpoints-prod-0/version/0.1.0/pefs-checkpoints/ckpts/Llama-4-Maverick-17B-128E-Instruct_surgery-FP8-128E-RDU'},[]
Samba1_Mistral_Experts-7b-False-4096,Samba1_Mistral_Experts-7b-False,Samba1 Mistral Experts,['E5-Mistral-7B-Instruct'],"['70b-ss-8-16-32k-3dot3-multi', 'multimodality']",7b,4096,4k,False,"[1, 4, 8, 16, 32]","{""1"": {""pef_path"": ""gs://acp-coe-models-checkpoints-prod-0/version/0.1.0/pefs-checkpoints/pefs/e5-mistral-7b/4096/bs1/coe_pef/ts__e5mistral7binstruct_enc_32_ss_1k__4096_bs_1_modelbox_functionality_test_hwlbl_use_chkpt_sharing_tp16_variation_0.pef"", ""copy_pef"": null, ""jira"": null}, ""4"": {""pef_path"": ""gs://acp-coe-models-checkpoints-prod-0/version/0.1.0/pefs-checkpoints/pefs/e5-mistral-7b/4096/bs4/coe_pef/ts__e5mistral7binstruct_enc_32_ss_1024__4096_bs_4_modelbox_functionality_test_hwlbl_use_chkpt_sharing_tp16_variation_0.pef"", ""copy_pef"": null, ""jira"": null}, ""8"": {""pef_path"": ""gs://acp-coe-models-checkpoints-prod-0/version/0.1.0/pefs-checkpoints/pefs/e5-mistral-7b/4096/bs8/coe_pef/ts__e5mistral7binstruct_enc_32_ss_1024__4096_bs_8_modelbox_functionality_test_hwlbl_use_chkpt_sharing_tp16_variation_1.pef"", ""copy_pef"": null, ""jira"": null}, ""16"": {""pef_path"": ""gs://acp-coe-models-checkpoints-prod-0/version/0.1.0/pefs-checkpoints/pefs/e5-mistral-7b/4096/bs16/coe_pef/ts__e5mistral7binstruct_enc_32_ss_1024__4096_bs_16_modelbox_functionality_test_hwlbl_use_chkpt_sharing_tp16_variation_2.pef"", ""copy_pef"": null, ""jira"": null}, ""32"": {""pef_path"": ""gs://acp-coe-models-checkpoints-prod-0/version/0.1.0/pefs-checkpoints/pefs/e5-mistral-7b/4096/bs32/coe_pef/ts__e5mistral7binstruct_enc_32_ss_1024__4096_bs_32_modelbox_functionality_test_hwlbl_use_chkpt_sharing_tp16_variation_3.pef"", ""copy_pef"": null, ""jira"": null}}",{'E5-Mistral-7B-Instruct': 'gs://acp-coe-models-checkpoints-prod-0/version/0.1.0/pefs-checkpoints/ckpts/e5-mistral-7b-instruct/'},[]
Samba1_Qwen2_Audio_Experts-7b-False-4096,Samba1_Qwen2_Audio_Experts-7b-False,Samba1 Qwen2 Audio Experts,['Qwen2-Audio-7B-Instruct'],"['70b-ss-8-16-32k-3dot3-multi', 'multimodality']",7b,4096,4k,False,[1],"{""1"": {""pef_path"": ""gs://acp-coe-models-checkpoints-prod-0/version/0.1.0/pefs-checkpoints/pefs/PEF-331/qwen2audio_full_wo_convtiling.pef"", ""copy_pef"": null, ""jira"": ""PEF-331""}}",{'Qwen2-Audio-7B-Instruct': 'gs://acp-coe-models-checkpoints-prod-0/version/0.1.0/pefs-checkpoints/ckpts/Qwen2-Audio-7B-Instruct'},[]
Samba1_Qwen2d5_Experts-0d5b-False-16384,Samba1_Qwen2d5_Experts-0d5b-False,Samba1 Qwen2.5 Experts,"['Qwen2.5-0.5B-Instruct', 'Qwen2.5-0.5B-SFT-Instruct', 'Qwen2.5-Coder-0.5B-Instruct']","['70b-ss-4-8k', 'qwen-llm']",0.5b,16384,16k,False,[1],"{""1"": {""pef_path"": ""gs://acp-coe-models-checkpoints-prod-0/version/0.1.0/pefs-checkpoints/pefs/PEF_303_qwen2_0p5b_16k/qwen2_0p5b_ss16384_12288_10752_8192_256_voc151936_inference_tp16_ocs_1119_graph/coe_pef_bs1_ss16384_12288_10752_8192_256/Qwen2_0p5B_ss16384_12288_10752_8192_256_voc151936_inference_TP16_OCS_1119_graph_CoE_ckpt_sharing_BS1_SS16384_12288_10752_8192_256.pef"", ""copy_pef"": null, ""jira"": ""PEF-303""}}","{'Qwen2.5-0.5B-SFT-Instruct': 'gs://acp-coe-models-checkpoints-prod-0/version/0.1.0/pefs-checkpoints/ckpts/kz919-QwQ-0.5B-SFT-Draft_surgery', 'Qwen2.5-0.5B-Instruct': 'gs://acp-coe-models-checkpoints-prod-0/version/0.1.0/pefs-checkpoints/ckpts/Qwen2.5-0.5B-Instruct_double_surgery', 'Qwen2.5-Coder-0.5B-Instruct': 'gs://acp-coe-models-checkpoints-prod-0/version/0.1.0/pefs-checkpoints/ckpts/Qwen2.5-Coder-0.5B-Instruct_double_surgery'}",[]
Samba1_Qwen2d5_Experts-0d5b-False-4096,Samba1_Qwen2d5_Experts-0d5b-False,Samba1 Qwen2.5 Experts,"['Qwen2.5-0.5B-Instruct', 'Qwen2.5-0.5B-SFT-Instruct', 'Qwen2.5-Coder-0.5B-Instruct']","['70b-ss-4-8k', 'qwen-llm']",0.5b,4096,4k,False,"[1, 2, 4]","{""1"": {""pef_path"": ""gs://acp-coe-models-checkpoints-prod-0/version/0.1.0/pefs-checkpoints/pefs/PEF_303_qwen2_0p5b_4k/coe_pef_bs1_ss4096_2048_1152_512_256/Qwen2_0p5B_ss4096_2048_1152_512_256_voc151936_inference_TP16_OCS_1119_graph_CoE_ckpt_sharing_BS1_SS4096_2048_1152_512_256.pef"", ""copy_pef"": null, ""jira"": ""PEF-303""}, ""2"": {""pef_path"": ""gs://acp-coe-models-checkpoints-prod-0/version/0.1.0/pefs-checkpoints/pefs/PEF_303_qwen2_0p5b_4k/coe_pef_bs2_ss4096_2048_1152_512_256/Qwen2_0p5B_ss4096_2048_1152_512_256_voc151936_inference_TP16_OCS_1119_graph_CoE_ckpt_sharing_BS2_SS4096_2048_1152_512_256.pef"", ""copy_pef"": null, ""jira"": ""PEF-303""}, ""4"": {""pef_path"": ""gs://acp-coe-models-checkpoints-prod-0/version/0.1.0/pefs-checkpoints/pefs/PEF_303_qwen2_0p5b_4k/coe_pef_bs4_ss4096_2048_1152_512_256/Qwen2_0p5B_ss4096_2048_1152_512_256_voc151936_inference_TP16_OCS_1119_graph_CoE_ckpt_sharing_BS4_SS4096_2048_1152_512_256.pef"", ""copy_pef"": null, ""jira"": ""PEF-303""}}","{'Qwen2.5-0.5B-SFT-Instruct': 'gs://acp-coe-models-checkpoints-prod-0/version/0.1.0/pefs-checkpoints/ckpts/kz919-QwQ-0.5B-SFT-Draft_surgery', 'Qwen2.5-0.5B-Instruct': 'gs://acp-coe-models-checkpoints-prod-0/version/0.1.0/pefs-checkpoints/ckpts/Qwen2.5-0.5B-Instruct_double_surgery', 'Qwen2.5-Coder-0.5B-Instruct': 'gs://acp-coe-models-checkpoints-prod-0/version/0.1.0/pefs-checkpoints/ckpts/Qwen2.5-Coder-0.5B-Instruct_double_surgery'}",[]
Samba1_Qwen2d5_Experts-0d5b-False-8192,Samba1_Qwen2d5_Experts-0d5b-False,Samba1 Qwen2.5 Experts,"['Qwen2.5-0.5B-Instruct', 'Qwen2.5-0.5B-SFT-Instruct', 'Qwen2.5-Coder-0.5B-Instruct']","['70b-ss-4-8k', 'qwen-llm']",0.5b,8192,8k,False,"[1, 2, 4]","{""1"": {""pef_path"": ""gs://acp-coe-models-checkpoints-prod-0/version/0.1.0/pefs-checkpoints/pefs/PEF_303_qwen2_0p5b_8k/coe_pef_bs1_ss8192_6400_4096/Qwen2_0p5B_ss8192_6400_4096_voc151936_inference_TP16_OCS_1119_graph_CoE_ckpt_sharing_BS1_SS8192_6400_4096.pef"", ""copy_pef"": null, ""jira"": ""PEF-303""}, ""2"": {""pef_path"": ""gs://acp-coe-models-checkpoints-prod-0/version/0.1.0/pefs-checkpoints/pefs/PEF_303_qwen2_0p5b_8k/coe_pef_bs2_ss8192_6400_4096/Qwen2_0p5B_ss8192_6400_4096_voc151936_inference_TP16_OCS_1119_graph_CoE_ckpt_sharing_BS2_SS8192_6400_4096.pef"", ""copy_pef"": null, ""jira"": ""PEF-303""}, ""4"": {""pef_path"": ""gs://acp-coe-models-checkpoints-prod-0/version/0.1.0/pefs-checkpoints/pefs/PEF_303_qwen2_0p5b_8k/coe_pef_bs4_ss8192_6400_4096/Qwen2_0p5B_ss8192_6400_4096_voc151936_inference_TP16_OCS_1119_graph_CoE_ckpt_sharing_BS4_SS8192_6400_4096.pef"", ""copy_pef"": null, ""jira"": ""PEF-303""}}","{'Qwen2.5-0.5B-SFT-Instruct': 'gs://acp-coe-models-checkpoints-prod-0/version/0.1.0/pefs-checkpoints/ckpts/kz919-QwQ-0.5B-SFT-Draft_surgery', 'Qwen2.5-0.5B-Instruct': 'gs://acp-coe-models-checkpoints-prod-0/version/0.1.0/pefs-checkpoints/ckpts/Qwen2.5-0.5B-Instruct_double_surgery', 'Qwen2.5-Coder-0.5B-Instruct': 'gs://acp-coe-models-checkpoints-prod-0/version/0.1.0/pefs-checkpoints/ckpts/Qwen2.5-Coder-0.5B-Instruct_double_surgery'}",[]
Samba1_Qwen2d5_Experts-32b-True-16384,Samba1_Qwen2d5_Experts-32b-True,Samba1 Qwen2.5 Experts,['Qwen2.5-Coder-32B-Instruct'],['qwen-llm'],32b,16384,16k,True,[1],"{""1"": {""pef_path"": ""gs://acp-coe-models-checkpoints-prod-0/version/0.1.0/pefs-checkpoints/pefs/PEF_1327/coe_pef_bs1_ss8192_10752_12288_16384_q_ss6/Qwen2dot5_Coder_32B_TP16_ss4096_CoE_ckpt_sharing_BS1_SS8192_10752_12288_16384_Q_SS6.pef"", ""copy_pef"": null, ""jira"": ""PEF-1327""}}",{'Qwen2.5-Coder-32B-Instruct': 'gs://acp-coe-models-checkpoints-prod-0/version/0.1.0/pefs-checkpoints/ckpts/Qwen2.5-Coder-32B-Instruct_double_surgery'},['Qwen2.5-Coder-0.5B-Instruct']
Samba1_Qwen2d5_Experts-32b-True-4096,Samba1_Qwen2d5_Experts-32b-True,Samba1 Qwen2.5 Experts,['Qwen2.5-Coder-32B-Instruct'],['qwen-llm'],32b,4096,4k,True,"[1, 2, 4]","{""1"": {""pef_path"": ""gs://acp-coe-models-checkpoints-prod-0/version/0.1.0/pefs-checkpoints/pefs/PEF_1327/coe_pef_bs1_ss256_512_1152_2048_4096_q_ss6/Qwen2dot5_Coder_32B_TP16_ss4096_CoE_ckpt_sharing_BS1_SS256_512_1152_2048_4096_Q_SS6.pef"", ""copy_pef"": null, ""jira"": ""PEF-1327""}, ""2"": {""pef_path"": ""gs://acp-coe-models-checkpoints-prod-0/version/0.1.0/pefs-checkpoints/pefs/PEF_1327/coe_pef_bs2_ss256_512_1152_2048_4096_q_ss6/Qwen2dot5_Coder_32B_TP16_ss4096_CoE_ckpt_sharing_BS2_SS256_512_1152_2048_4096_Q_SS6.pef"", ""copy_pef"": null, ""jira"": ""PEF-1327""}, ""4"": {""pef_path"": ""gs://acp-coe-models-checkpoints-prod-0/version/0.1.0/pefs-checkpoints/pefs/PEF_1327/coe_pef_bs4_ss256_512_1152_2048_4096_q_ss6/Qwen2dot5_Coder_32B_TP16_ss4096_CoE_ckpt_sharing_BS4_SS256_512_1152_2048_4096_Q_SS6.pef"", ""copy_pef"": null, ""jira"": ""PEF-1327""}}",{'Qwen2.5-Coder-32B-Instruct': 'gs://acp-coe-models-checkpoints-prod-0/version/0.1.0/pefs-checkpoints/ckpts/Qwen2.5-Coder-32B-Instruct_double_surgery'},['Qwen2.5-Coder-0.5B-Instruct']
Samba1_Qwen2d5_Experts-32b-True-8192,Samba1_Qwen2d5_Experts-32b-True,Samba1 Qwen2.5 Experts,['Qwen2.5-Coder-32B-Instruct'],['qwen-llm'],32b,8192,8k,True,"[1, 2, 4]","{""1"": {""pef_path"": ""gs://acp-coe-models-checkpoints-prod-0/version/0.1.0/pefs-checkpoints/pefs/PEF_1327/coe_pef_bs1_ss4096_6400_8192_q_ss6/Qwen2dot5_Coder_32B_TP16_ss4096_CoE_ckpt_sharing_BS1_SS4096_6400_8192_Q_SS6.pef"", ""copy_pef"": null, ""jira"": ""PEF-1327""}, ""2"": {""pef_path"": ""gs://acp-coe-models-checkpoints-prod-0/version/0.1.0/pefs-checkpoints/pefs/PEF_1327/coe_pef_bs2_ss4096_6400_8192_q_ss6/Qwen2dot5_Coder_32B_TP16_ss4096_CoE_ckpt_sharing_BS2_SS4096_6400_8192_Q_SS6.pef"", ""copy_pef"": null, ""jira"": ""PEF-1327""}, ""4"": {""pef_path"": ""gs://acp-coe-models-checkpoints-prod-0/version/0.1.0/pefs-checkpoints/pefs/PEF_1327/coe_pef_bs4_ss4096_6400_8192_q_ss6/Qwen2dot5_Coder_32B_TP16_ss4096_CoE_ckpt_sharing_BS4_SS4096_6400_8192_Q_SS6.pef"", ""copy_pef"": null, ""jira"": ""PEF-1327""}}",{'Qwen2.5-Coder-32B-Instruct': 'gs://acp-coe-models-checkpoints-prod-0/version/0.1.0/pefs-checkpoints/ckpts/Qwen2.5-Coder-32B-Instruct_double_surgery'},['Qwen2.5-Coder-0.5B-Instruct']
Samba1_Qwen2d5_Experts-32b-qwq-True-16384,Samba1_Qwen2d5_Experts-32b-qwq-True,Samba1 Qwen2.5 Experts,['QwQ-32B'],"['70b-ss-4-8k', 'qwen-llm']",32b-qwq,16384,16k,True,[1],"{""1"": {""pef_path"": ""gs://acp-coe-models-checkpoints-prod-0/version/0.1.0/pefs-checkpoints/pefs/PEF_1339/coe_pef_bs1_ss8192_10752_12288_16384_q_ss6/Qwen2dot5_QWQ_32B_TP16_ss4096_CoE_ckpt_sharing_BS1_SS8192_10752_12288_16384_Q_SS6.pef"", ""copy_pef"": null, ""jira"": ""PEF-1339""}}",{'QwQ-32B': 'gs://acp-coe-models-checkpoints-prod-0/version/0.1.0/pefs-checkpoints/ckpts/qwq_32b_new_surgery'},['Qwen2.5-0.5B-SFT-Instruct']
Samba1_Qwen2d5_Experts-32b-qwq-True-4096,Samba1_Qwen2d5_Experts-32b-qwq-True,Samba1 Qwen2.5 Experts,['QwQ-32B'],"['70b-ss-4-8k', 'qwen-llm']",32b-qwq,4096,4k,True,"[1, 2, 4]","{""1"": {""pef_path"": ""gs://acp-coe-models-checkpoints-prod-0/version/0.1.0/pefs-checkpoints/pefs/PEF_1339/coe_pef_bs1_ss256_512_1152_2048_4096_q_ss6/Qwen2dot5_QWQ_32B_TP16_ss4096_CoE_ckpt_sharing_BS1_SS256_512_1152_2048_4096_Q_SS6.pef"", ""copy_pef"": null, ""jira"": ""PEF-1339""}, ""2"": {""pef_path"": ""gs://acp-coe-models-checkpoints-prod-0/version/0.1.0/pefs-checkpoints/pefs/PEF_1339/coe_pef_bs2_ss256_512_1152_2048_4096_q_ss6/Qwen2dot5_QWQ_32B_TP16_ss4096_CoE_ckpt_sharing_BS2_SS256_512_1152_2048_4096_Q_SS6.pef"", ""copy_pef"": null, ""jira"": ""PEF-1339""}, ""4"": {""pef_path"": ""gs://acp-coe-models-checkpoints-prod-0/version/0.1.0/pefs-checkpoints/pefs/PEF_1339/coe_pef_bs4_ss256_512_1152_2048_4096_q_ss6/Qwen2dot5_QWQ_32B_TP16_ss4096_CoE_ckpt_sharing_BS4_SS256_512_1152_2048_4096_Q_SS6.pef"", ""copy_pef"": null, ""jira"": ""PEF-1339""}}",{'QwQ-32B': 'gs://acp-coe-models-checkpoints-prod-0/version/0.1.0/pefs-checkpoints/ckpts/qwq_32b_new_surgery'},['Qwen2.5-0.5B-SFT-Instruct']
Samba1_Qwen2d5_Experts-32b-qwq-True-8192,Samba1_Qwen2d5_Experts-32b-qwq-True,Samba1 Qwen2.5 Experts,['QwQ-32B'],"['70b-ss-4-8k', 'qwen-llm']",32b-qwq,8192,8k,True,"[1, 2, 4]","{""1"": {""pef_path"": ""gs://acp-coe-models-checkpoints-prod-0/version/0.1.0/pefs-checkpoints/pefs/PEF_1339/coe_pef_bs1_ss4096_6400_8192_q_ss6/Qwen2dot5_QWQ_32B_TP16_ss4096_CoE_ckpt_sharing_BS1_SS4096_6400_8192_Q_SS6.pef"", ""copy_pef"": null, ""jira"": ""PEF-1339""}, ""2"": {""pef_path"": ""gs://acp-coe-models-checkpoints-prod-0/version/0.1.0/pefs-checkpoints/pefs/PEF_1339/coe_pef_bs2_ss4096_6400_8192_q_ss6/Qwen2dot5_QWQ_32B_TP16_ss4096_CoE_ckpt_sharing_BS2_SS4096_6400_8192_Q_SS6.pef"", ""copy_pef"": null, ""jira"": ""PEF-1339""}, ""4"": {""pef_path"": ""gs://acp-coe-models-checkpoints-prod-0/version/0.1.0/pefs-checkpoints/pefs/PEF_1339/coe_pef_bs4_ss4096_6400_8192_q_ss6/Qwen2dot5_QWQ_32B_TP16_ss4096_CoE_ckpt_sharing_BS4_SS4096_6400_8192_Q_SS6.pef"", ""copy_pef"": null, ""jira"": ""PEF-1339""}}",{'QwQ-32B': 'gs://acp-coe-models-checkpoints-prod-0/version/0.1.0/pefs-checkpoints/ckpts/qwq_32b_new_surgery'},['Qwen2.5-0.5B-SFT-Instruct']
Samba1_Qwen2d5_Experts-72b-True-16384,Samba1_Qwen2d5_Experts-72b-True,Samba1 Qwen2.5 Experts,['Qwen2.5-72B-Instruct'],['qwen-llm'],72b,16384,16k,True,[1],"{""1"": {""pef_path"": ""gs://acp-coe-models-checkpoints-prod-0/version/0.1.0/pefs-checkpoints/pefs/PEF_1303/coe_pef_bs1_ss8192_10752_12288_16384_q_ss6/Qwen2dot5_72B_TP16_ss4096_q_ss6_CoE_ckpt_sharing_BS1_SS8192_10752_12288_16384_Q_SS6.pef"", ""copy_pef"": null, ""jira"": ""PEF-1303""}}",{'Qwen2.5-72B-Instruct': 'gs://acp-coe-models-checkpoints-prod-0/version/0.1.0/pefs-checkpoints/ckpts/Qwen2.5-72B-Instruct_surgery'},['Qwen2.5-0.5B-Instruct']
Samba1_Qwen2d5_Experts-72b-True-4096,Samba1_Qwen2d5_Experts-72b-True,Samba1 Qwen2.5 Experts,['Qwen2.5-72B-Instruct'],['qwen-llm'],72b,4096,4k,True,"[1, 2, 4]","{""1"": {""pef_path"": ""gs://acp-coe-models-checkpoints-prod-0/version/0.1.0/pefs-checkpoints/pefs/PEF_1303/coe_pef_bs1_ss256_512_1152_2048_4096_q_ss6/Qwen2dot5_72B_TP16_ss4096_q_ss6_CoE_ckpt_sharing_BS1_SS256_512_1152_2048_4096_Q_SS6.pef"", ""copy_pef"": null, ""jira"": ""PEF-1303""}, ""2"": {""pef_path"": ""gs://acp-coe-models-checkpoints-prod-0/version/0.1.0/pefs-checkpoints/pefs/PEF_1303/coe_pef_bs2_ss256_512_1152_2048_4096_q_ss6/Qwen2dot5_72B_TP16_ss4096_q_ss6_CoE_ckpt_sharing_BS2_SS256_512_1152_2048_4096_Q_SS6.pef"", ""copy_pef"": null, ""jira"": ""PEF-1303""}, ""4"": {""pef_path"": ""gs://acp-coe-models-checkpoints-prod-0/version/0.1.0/pefs-checkpoints/pefs/PEF_1303/coe_pef_bs4_ss256_512_1152_2048_4096_q_ss6/Qwen2dot5_72B_TP16_ss4096_q_ss6_CoE_ckpt_sharing_BS4_SS256_512_1152_2048_4096_Q_SS6.pef"", ""copy_pef"": null, ""jira"": ""PEF-1303""}}",{'Qwen2.5-72B-Instruct': 'gs://acp-coe-models-checkpoints-prod-0/version/0.1.0/pefs-checkpoints/ckpts/Qwen2.5-72B-Instruct_surgery'},['Qwen2.5-0.5B-Instruct']
Samba1_Qwen2d5_Experts-72b-True-8192,Samba1_Qwen2d5_Experts-72b-True,Samba1 Qwen2.5 Experts,['Qwen2.5-72B-Instruct'],['qwen-llm'],72b,8192,8k,True,"[1, 2]","{""1"": {""pef_path"": ""gs://acp-coe-models-checkpoints-prod-0/version/0.1.0/pefs-checkpoints/pefs/PEF_1303/coe_pef_bs1_ss4096_6400_8192_q_ss6/Qwen2dot5_72B_TP16_ss4096_q_ss6_CoE_ckpt_sharing_BS1_SS4096_6400_8192_Q_SS6.pef"", ""copy_pef"": null, ""jira"": ""PEF-1303""}, ""2"": {""pef_path"": ""gs://acp-coe-models-checkpoints-prod-0/version/0.1.0/pefs-checkpoints/pefs/PEF_1303/coe_pef_bs2_ss4096_6400_8192_q_ss6/Qwen2dot5_72B_TP16_ss4096_q_ss6_CoE_ckpt_sharing_BS2_SS4096_6400_8192_Q_SS6.pef"", ""copy_pef"": null, ""jira"": ""PEF-1303""}}",{'Qwen2.5-72B-Instruct': 'gs://acp-coe-models-checkpoints-prod-0/version/0.1.0/pefs-checkpoints/ckpts/Qwen2.5-72B-Instruct_surgery'},['Qwen2.5-0.5B-Instruct']
Samba1_Qwen3_Experts-32b-False-8192,Samba1_Qwen3_Experts-32b-False,Samba1 Qwen3 Experts,['Qwen3-32B'],"['70b-ss-4-8k', '70b-ss-4-8k-3dot3-with-qwen', 'qwen3-32b-whisper']",32b,8192,8k,False,[1],"{""1"": {""pef_path"": ""gs://acp-coe-models-checkpoints-prod-0/version/0.1.0/pefs-checkpoints/pefs/PEF_1667/qwen3_32b_full_model_ss4096_8192_voc152064_inference_TP16_CoE_ckpt_sharing_BS1_SS4096_8192.pef"", ""copy_pef"": null, ""jira"": ""PEF-1667""}}",{'Qwen3-32B': 'gs://acp-coe-models-checkpoints-prod-0/version/0.1.0/pefs-checkpoints/ckpts/Qwen3-32B'},[]
Samba1_Whisper_Experts-None-False-4096,Samba1_Whisper_Experts-None-False,Samba1 Whisper Experts,['Whisper-Large-v3'],"['70b-ss-32-64-128k-3dot3-multi', 'multimodality', 'qwen3-32b-whisper']",None,4096,4k,False,"[1, 16, 32]","{""1"": {""pef_path"": ""gs://acp-coe-models-checkpoints-prod-0/version/0.1.0/pefs-checkpoints/pefs/whisperlv3_01_24/whisper.pef"", ""copy_pef"": null, ""jira"": null}, ""16"": {""pef_path"": ""gs://acp-coe-models-checkpoints-prod-0/version/0.1.0/pefs-checkpoints/pefs/whisperlv3_02_21/whisper-bs16.pef"", ""copy_pef"": null, ""jira"": null}, ""32"": {""pef_path"": ""gs://acp-coe-models-checkpoints-prod-0/version/0.1.0/pefs-checkpoints/pefs/whisperlv3_02_26/whisper-bs32.pef"", ""copy_pef"": null, ""jira"": null}}",{'Whisper-Large-v3': 'gs://acp-coe-models-checkpoints-prod-0/version/0.1.0/pefs-checkpoints/ckpts/whisper-large-v3-untied-fp32'},[]
