id,group_id,model_app_name,param_count,max_seq_length,spec_decoding,batch_sizes,max_seq_length_cloud,experts,cloud_pefs_json,cloud_models,sibling_studio_pefs,studio_model,vocab_size,studio_batch_sizes,studio_pef,studio_only_bs,cloud_only_bs,common_bs,common_bs_matching_pefs,common_bs_different_pefs,common_bs_different_pefs_json,date_difference_for_nonmatching_pefs
Samba1_DeepSeek_Experts-671b-False-4096,Samba1_DeepSeek_Experts-671b-False,Samba1 DeepSeek Experts,671b,4096,False,[4],4k,"['DeepSeek-R1-0528', 'DeepSeek-V3-0324']","{""4"": {""pef_path"": ""gs://acp-coe-models-checkpoints-prod-0/version/deepseek-0.0.4/pefs-checkpoints/pefs/PEF_1694/bs4_4k_multi-prefill_TP16_ss512_1024_2048_4096_token_gen_seq_length2_61_encs_flags__CoE_ckpt_sharing_BS4_SS512_1024_2048_4096.pef"", ""copy_pef"": null, ""jira"": ""PEF-1694""}}","{'DeepSeek-R1-0528': 'gs://acp-coe-models-checkpoints-prod-0/version/deepseek-0.0.4/pefs-checkpoints/ckpts/DeepSeek-R1-0528-per-tensor-RDU-packed', 'DeepSeek-V3-0324': 'gs://acp-coe-models-checkpoints-prod-0/version/deepseek-0.0.4/pefs-checkpoints/ckpts/DeepSeek-V3-0324-FP8-Routed-Experts-RDU-packed-disk-save'}",{'4k': 'sw-generic-daas-artifacts-dev/modelbox/pefs/Samba1_DeepSeek_Experts/BS4_BS4_4K_MULTI-PREFILL_TP16_SS512_1024_2048_4096_TOKEN_GEN_SEQ_LENGTH2_61_ENCS_FLAGS__COE_CKPT_SHARING_BS4_SS512_1024_2048_4096.PEF_SS4K_TP16_4096/'},sw-generic-daas-artifacts-dev/modelbox/checkpoints/Samba1_DeepSeek_Experts/DeepSeek-V3-FP8-Routed-Experts-RDU/,129280,[4],sw-generic-daas-artifacts-dev/modelbox/pefs/Samba1_DeepSeek_Experts/BS4_BS4_4K_MULTI-PREFILL_TP16_SS512_1024_2048_4096_TOKEN_GEN_SEQ_LENGTH2_61_ENCS_FLAGS__COE_CKPT_SHARING_BS4_SS512_1024_2048_4096.PEF_SS4K_TP16_4096/,[],[],[4],[4],[],[],{}
Samba1_Embedding_Experts-7b-False-4096,Samba1_Embedding_Experts-7b-False,Samba1 Embedding Experts,7b,4096,False,"[1, 4, 8, 16, 32]",4k,['E5-Mistral-7B-Instruct'],"{""1"": {""pef_path"": ""gs://acp-coe-models-checkpoints-prod-0/version/0.1.0/pefs-checkpoints/pefs/e5-mistral-7b/4096/bs1/coe_pef/ts__e5mistral7binstruct_enc_32_ss_1k__4096_bs_1_modelbox_functionality_test_hwlbl_use_chkpt_sharing_tp16_variation_0.pef"", ""copy_pef"": ""COPY_PEF_E5MISTRAL_PEF_SS_4096_BS_1"", ""jira"": null}, ""4"": {""pef_path"": ""gs://acp-coe-models-checkpoints-prod-0/version/0.1.0/pefs-checkpoints/pefs/e5-mistral-7b/4096/bs4/coe_pef/ts__e5mistral7binstruct_enc_32_ss_1024__4096_bs_4_modelbox_functionality_test_hwlbl_use_chkpt_sharing_tp16_variation_0.pef"", ""copy_pef"": ""COPY_PEF_E5MISTRAL_PEF_SS_4096_BS_4"", ""jira"": null}, ""8"": {""pef_path"": ""gs://acp-coe-models-checkpoints-prod-0/version/0.1.0/pefs-checkpoints/pefs/e5-mistral-7b/4096/bs8/coe_pef/ts__e5mistral7binstruct_enc_32_ss_1024__4096_bs_8_modelbox_functionality_test_hwlbl_use_chkpt_sharing_tp16_variation_1.pef"", ""copy_pef"": ""COPY_PEF_E5MISTRAL_PEF_SS_4096_BS_8"", ""jira"": null}, ""16"": {""pef_path"": ""gs://acp-coe-models-checkpoints-prod-0/version/0.1.0/pefs-checkpoints/pefs/e5-mistral-7b/4096/bs16/coe_pef/ts__e5mistral7binstruct_enc_32_ss_1024__4096_bs_16_modelbox_functionality_test_hwlbl_use_chkpt_sharing_tp16_variation_2.pef"", ""copy_pef"": ""COPY_PEF_E5MISTRAL_PEF_SS_4096_BS_16"", ""jira"": null}, ""32"": {""pef_path"": ""gs://acp-coe-models-checkpoints-prod-0/version/0.1.0/pefs-checkpoints/pefs/e5-mistral-7b/4096/bs32/coe_pef/ts__e5mistral7binstruct_enc_32_ss_1024__4096_bs_32_modelbox_functionality_test_hwlbl_use_chkpt_sharing_tp16_variation_3.pef"", ""copy_pef"": ""COPY_PEF_E5MISTRAL_PEF_SS_4096_BS_32"", ""jira"": null}}",{'E5-Mistral-7B-Instruct': 'gs://acp-coe-models-checkpoints-prod-0/version/0.1.0/pefs-checkpoints/ckpts/e5-mistral-7b-instruct/'},"{'4k': 'sw-generic-daas-artifacts-dev/modelbox/pefs/Samba1_Turbo_Experts/M3/TP-PEF-M3-16-TS16/', '8k': 'sw-generic-daas-artifacts-dev/modelbox/pefs/Samba1_Turbo_Experts/M3/TP-PEF-M3-39-TS16/'}",sw-generic-daas-artifacts-dev/modelbox/checkpoints/Samba1_1_Mistral_Experts/e5-mistral-7b-instruct-clean/,32000,"[1, 4, 8, 16, 32]",sw-generic-daas-artifacts-dev/modelbox/pefs/Samba1_Turbo_Experts/M3/TP-PEF-M3-16-TS16/,[],[],"[1, 4, 8, 16, 32]",[],"[1, 4, 8, 16, 32]","[{'batch_size': 1, 'cloud_pef': {'md5': 'e3e6e3d31425a887c6be9963adf0c760', 'path': 'gs://acp-coe-models-checkpoints-prod-0/version/0.1.0/pefs-checkpoints/pefs/e5-mistral-7b/4096/bs1/coe_pef/ts__e5mistral7binstruct_enc_32_ss_1k__4096_bs_1_modelbox_functionality_test_hwlbl_use_chkpt_sharing_tp16_variation_0.pef', 'upload_date': 'Tue, 18 Mar 2025 18:15:06 GMT'}, 'studio_pef': {'md5': 'c98a428de279026617516820656217b3', 'path': 'sw-generic-daas-artifacts-dev/modelbox/pefs/Samba1_Turbo_Experts/M3/TP-PEF-M3-16-TS16/bs1/coe_pef/ts__e5mistral7binstruct_enc_32_ss_1024__8192_bs_1_modelbox_functionality_test_hwlbl_use_chkpt_sharing_tp16_variation_5.pef', 'upload_date': '2024-09-24T03:40:29.561-07:00'}, 'upload_date_difference_in_days': 175}, {'batch_size': 4, 'cloud_pef': {'md5': 'fb366388944f47ea052ce5f7bbd85712', 'path': 'gs://acp-coe-models-checkpoints-prod-0/version/0.1.0/pefs-checkpoints/pefs/e5-mistral-7b/4096/bs4/coe_pef/ts__e5mistral7binstruct_enc_32_ss_1024__4096_bs_4_modelbox_functionality_test_hwlbl_use_chkpt_sharing_tp16_variation_0.pef', 'upload_date': 'Tue, 18 Mar 2025 18:15:12 GMT'}, 'studio_pef': {'md5': 'ecadd4bf65a1d288c0b858b625c63ca4', 'path': 'sw-generic-daas-artifacts-dev/modelbox/pefs/Samba1_Turbo_Experts/M3/TP-PEF-M3-16-TS16/bs4/coe_pef/ts__e5mistral7binstruct_enc_32_ss_1024__8192_bs_4_modelbox_functionality_test_hwlbl_use_chkpt_sharing_tp16_variation_6.pef', 'upload_date': '2024-09-24T03:39:25.060-07:00'}, 'upload_date_difference_in_days': 175}, {'batch_size': 8, 'cloud_pef': {'md5': '3b9694a4e2630704db99c38e2b064e26', 'path': 'gs://acp-coe-models-checkpoints-prod-0/version/0.1.0/pefs-checkpoints/pefs/e5-mistral-7b/4096/bs8/coe_pef/ts__e5mistral7binstruct_enc_32_ss_1024__4096_bs_8_modelbox_functionality_test_hwlbl_use_chkpt_sharing_tp16_variation_1.pef', 'upload_date': 'Tue, 18 Mar 2025 18:15:13 GMT'}, 'studio_pef': {'md5': 'c467ea684b4f5b3b4b0d0e9c181d7b3a', 'path': 'sw-generic-daas-artifacts-dev/modelbox/pefs/Samba1_Turbo_Experts/M3/TP-PEF-M3-16-TS16/bs8/coe_pef/ts__e5mistral7binstruct_enc_32_ss_1024__8192_bs_8_modelbox_functionality_test_hwlbl_use_chkpt_sharing_tp16_variation_7.pef', 'upload_date': '2024-09-24T03:39:06.435-07:00'}, 'upload_date_difference_in_days': 175}, {'batch_size': 16, 'cloud_pef': {'md5': 'a3fe4d1f7489fbc18b953db24cd37e35', 'path': 'gs://acp-coe-models-checkpoints-prod-0/version/0.1.0/pefs-checkpoints/pefs/e5-mistral-7b/4096/bs16/coe_pef/ts__e5mistral7binstruct_enc_32_ss_1024__4096_bs_16_modelbox_functionality_test_hwlbl_use_chkpt_sharing_tp16_variation_2.pef', 'upload_date': 'Tue, 18 Mar 2025 18:15:11 GMT'}, 'studio_pef': {'md5': '576cd0da0e103a289f868bb08a3874d2', 'path': 'sw-generic-daas-artifacts-dev/modelbox/pefs/Samba1_Turbo_Experts/M3/TP-PEF-M3-16-TS16/bs16/coe_pef/ts__e5mistral7binstruct_enc_32_ss_1024__8192_bs_16_modelbox_functionality_test_hwlbl_use_chkpt_sharing_tp16_variation_8.pef', 'upload_date': '2024-09-24T03:40:00.811-07:00'}, 'upload_date_difference_in_days': 175}, {'batch_size': 32, 'cloud_pef': {'md5': 'fbb0e68eb87621cb1f556db4e06ae2fb', 'path': 'gs://acp-coe-models-checkpoints-prod-0/version/0.1.0/pefs-checkpoints/pefs/e5-mistral-7b/4096/bs32/coe_pef/ts__e5mistral7binstruct_enc_32_ss_1024__4096_bs_32_modelbox_functionality_test_hwlbl_use_chkpt_sharing_tp16_variation_3.pef', 'upload_date': 'Tue, 18 Mar 2025 18:15:11 GMT'}, 'studio_pef': {'md5': 'e7f7e95d98f470b793d60b7e23fc2e27', 'path': 'sw-generic-daas-artifacts-dev/modelbox/pefs/Samba1_Turbo_Experts/M3/TP-PEF-M3-16-TS16/bs32/coe_pef/ts__e5mistral7binstruct_enc_32_ss_1024__8192_bs_32_modelbox_functionality_test_hwlbl_use_chkpt_sharing_tp16_variation_9.pef', 'upload_date': '2024-09-24T03:39:41.695-07:00'}, 'upload_date_difference_in_days': 175}]","{1: 175, 4: 175, 8: 175, 16: 175, 32: 175}"
Samba1_Llama3_Experts-8b-False-4096,Samba1_Llama3_Experts-8b-False,Samba1 Llama3 Experts,8b,4096,False,"[1, 2, 4, 8]",4k,['Meta-Llama-Guard-3-8B'],"{""1"": {""pef_path"": ""gs://acp-coe-models-checkpoints-prod-0/version/0.1.0/pefs-checkpoints/pefs/llama3d1_8b_0917/bs1/Llama3_8B_TP16_ss4096_2048_1024_voc128256_inference_sampling_0906_CoE_ckpt_sharing_BS1_SS4096_2048_1024.pef"", ""copy_pef"": null, ""jira"": null}, ""2"": {""pef_path"": ""gs://acp-coe-models-checkpoints-prod-0/version/0.1.0/pefs-checkpoints/pefs/llama3d1_8b_0917/bs2/Llama3_8B_TP16_ss4096_2048_1024_voc128256_inference_sampling_0906_CoE_ckpt_sharing_BS2_SS4096_2048_1024.pef"", ""copy_pef"": null, ""jira"": null}, ""4"": {""pef_path"": ""gs://acp-coe-models-checkpoints-prod-0/version/0.1.0/pefs-checkpoints/pefs/llama3d1_8b_0917/bs4/Llama3_8B_TP16_ss4096_2048_1024_voc128256_inference_sampling_0906_CoE_ckpt_sharing_BS4_SS4096_2048_1024.pef"", ""copy_pef"": null, ""jira"": null}, ""8"": {""pef_path"": ""gs://acp-coe-models-checkpoints-prod-0/version/0.1.0/pefs-checkpoints/pefs/llama3d1_8b_0917/bs8/Llama3_8B_TP16_ss4096_2048_1024_voc128256_inference_sampling_0906_CoE_ckpt_sharing_BS8_SS4096_2048_1024.pef"", ""copy_pef"": null, ""jira"": null}}",{'Meta-Llama-Guard-3-8B': 'gs://acp-coe-models-checkpoints-prod-0/version/0.1.0/pefs-checkpoints/ckpts/Llama-Guard-3-8B'},"{'4k': 'sw-generic-daas-artifacts-dev/modelbox/pefs/Samba1_1_Llama3_Experts/LLAMA3_8B_SS4K_TP16/', '8k': 'sw-generic-daas-artifacts-dev/modelbox/pefs/Samba1_1_Llama3_Experts/LLAMA3_8B_SS8K_TP16/'}",sw-generic-daas-artifacts-dev/modelbox/checkpoints/Samba1_1_Llama3_Experts/pad_token_id_fix/Meta-Llama-3-8B-Instruct/,128256,"[1, 2, 4, 8, 16]",sw-generic-daas-artifacts-dev/modelbox/pefs/Samba1_1_Llama3_Experts/LLAMA3_8B_SS4K_TP16/,[16],[],"[1, 2, 4, 8]",[],"[1, 2, 4, 8]","[{'batch_size': 1, 'cloud_pef': {'md5': '759ab624b05303952db0702916540198', 'path': 'gs://acp-coe-models-checkpoints-prod-0/version/0.1.0/pefs-checkpoints/pefs/llama3d1_8b_0917/bs1/Llama3_8B_TP16_ss4096_2048_1024_voc128256_inference_sampling_0906_CoE_ckpt_sharing_BS1_SS4096_2048_1024.pef', 'upload_date': 'Thu, 26 Sep 2024 22:27:56 GMT'}, 'studio_pef': {'md5': '75910c16ea0885fb884193119c084f4c', 'path': 'sw-generic-daas-artifacts-dev/modelbox/pefs/Samba1_1_Llama3_Experts/LLAMA3_8B_SS4K_TP16/bs1/coe_pef/llama3_8b_0114_ss4096_2048_1024_256_voc128256_inference_TP16_CoE_ckpt_sharing_BS1_SS4096_2048_1024_256.pef', 'upload_date': '2025-02-10T17:57:59.244-08:00'}, 'upload_date_difference_in_days': -138}, {'batch_size': 2, 'cloud_pef': {'md5': '2fbfa63db55e7227ba3777264e4d8a4b', 'path': 'gs://acp-coe-models-checkpoints-prod-0/version/0.1.0/pefs-checkpoints/pefs/llama3d1_8b_0917/bs2/Llama3_8B_TP16_ss4096_2048_1024_voc128256_inference_sampling_0906_CoE_ckpt_sharing_BS2_SS4096_2048_1024.pef', 'upload_date': 'Thu, 26 Sep 2024 22:27:52 GMT'}, 'studio_pef': {'md5': '9cbdd67a7f6b7fee8918410a962e1011', 'path': 'sw-generic-daas-artifacts-dev/modelbox/pefs/Samba1_1_Llama3_Experts/LLAMA3_8B_SS4K_TP16/bs2/coe_pef/llama3_8b_0114_ss4096_2048_1024_256_voc128256_inference_TP16_CoE_ckpt_sharing_BS2_SS4096_2048_1024_256.pef', 'upload_date': '2025-02-10T17:57:10.829-08:00'}, 'upload_date_difference_in_days': -138}, {'batch_size': 4, 'cloud_pef': {'md5': 'a04f529570df7b19e1dcd1cda97fedcf', 'path': 'gs://acp-coe-models-checkpoints-prod-0/version/0.1.0/pefs-checkpoints/pefs/llama3d1_8b_0917/bs4/Llama3_8B_TP16_ss4096_2048_1024_voc128256_inference_sampling_0906_CoE_ckpt_sharing_BS4_SS4096_2048_1024.pef', 'upload_date': 'Thu, 26 Sep 2024 22:27:55 GMT'}, 'studio_pef': {'md5': '9875cbfec0af60ef75bf617b12ca6f38', 'path': 'sw-generic-daas-artifacts-dev/modelbox/pefs/Samba1_1_Llama3_Experts/LLAMA3_8B_SS4K_TP16/bs4/coe_pef/llama3_8b_0114_ss4096_2048_1024_256_voc128256_inference_TP16_CoE_ckpt_sharing_BS4_SS4096_2048_1024_256.pef', 'upload_date': '2025-02-10T17:56:51.955-08:00'}, 'upload_date_difference_in_days': -138}, {'batch_size': 8, 'cloud_pef': {'md5': 'b27168aaf15544e8da2fe4151d1337ce', 'path': 'gs://acp-coe-models-checkpoints-prod-0/version/0.1.0/pefs-checkpoints/pefs/llama3d1_8b_0917/bs8/Llama3_8B_TP16_ss4096_2048_1024_voc128256_inference_sampling_0906_CoE_ckpt_sharing_BS8_SS4096_2048_1024.pef', 'upload_date': 'Thu, 26 Sep 2024 22:27:57 GMT'}, 'studio_pef': {'md5': '4d533fd35f03cc370bb8c185be74d027', 'path': 'sw-generic-daas-artifacts-dev/modelbox/pefs/Samba1_1_Llama3_Experts/LLAMA3_8B_SS4K_TP16/bs8/coe_pef/llama3_8b_0114_ss4096_2048_1024_256_voc128256_inference_TP16_CoE_ckpt_sharing_BS8_SS4096_2048_1024_256.pef', 'upload_date': '2025-02-10T17:56:42.103-08:00'}, 'upload_date_difference_in_days': -138}]","{1: -138, 2: -138, 4: -138, 8: -138}"
Samba1_Llama3_Experts-8b-False-8192,Samba1_Llama3_Experts-8b-False,Samba1 Llama3 Experts,8b,8192,False,"[1, 2, 4, 8]",8k,['Meta-Llama-Guard-3-8B'],"{""1"": {""pef_path"": ""gs://acp-coe-models-checkpoints-prod-0/version/0.1.0/pefs-checkpoints/pefs/llama3d1_8b_0908/llama_3_1_8b_sl8192/bs1/coe_pef/Llama3_8B_TP16_ss8192_4096_voc128256_inference_sampling_0906_CoE_ckpt_sharing_BS1_SS8192_4096.pef"", ""copy_pef"": null, ""jira"": null}, ""2"": {""pef_path"": ""gs://acp-coe-models-checkpoints-prod-0/version/0.1.0/pefs-checkpoints/pefs/llama3d1_8b_0908/llama_3_1_8b_sl8192/bs2/coe_pef/Llama3_8B_TP16_ss8192_4096_voc128256_inference_sampling_0906_CoE_ckpt_sharing_BS2_SS8192_4096.pef"", ""copy_pef"": null, ""jira"": null}, ""4"": {""pef_path"": ""gs://acp-coe-models-checkpoints-prod-0/version/0.1.0/pefs-checkpoints/pefs/llama3d1_8b_0908/llama_3_1_8b_sl8192/bs4/coe_pef/Llama3_8B_TP16_ss8192_4096_voc128256_inference_sampling_0906_CoE_ckpt_sharing_BS4_SS8192_4096.pef"", ""copy_pef"": null, ""jira"": null}, ""8"": {""pef_path"": ""gs://acp-coe-models-checkpoints-prod-0/version/0.1.0/pefs-checkpoints/pefs/llama3d1_8b_0908/llama_3_1_8b_sl8192/bs8/coe_pef/Llama3_8B_TP16_ss8192_4096_voc128256_inference_sampling_0906_CoE_ckpt_sharing_BS8_SS8192_4096.pef"", ""copy_pef"": null, ""jira"": null}}",{'Meta-Llama-Guard-3-8B': 'gs://acp-coe-models-checkpoints-prod-0/version/0.1.0/pefs-checkpoints/ckpts/Llama-Guard-3-8B'},"{'4k': 'sw-generic-daas-artifacts-dev/modelbox/pefs/Samba1_1_Llama3_Experts/LLAMA3_8B_SS4K_TP16/', '8k': 'sw-generic-daas-artifacts-dev/modelbox/pefs/Samba1_1_Llama3_Experts/LLAMA3_8B_SS8K_TP16/'}",sw-generic-daas-artifacts-dev/modelbox/checkpoints/Samba1_1_Llama3_Experts/pad_token_id_fix/Meta-Llama-3-8B-Instruct/,128256,"[1, 2, 4, 8, 16]",sw-generic-daas-artifacts-dev/modelbox/pefs/Samba1_1_Llama3_Experts/LLAMA3_8B_SS8K_TP16/,[16],[],"[1, 2, 4, 8]",[],"[1, 2, 4, 8]","[{'batch_size': 1, 'cloud_pef': {'md5': 'c8c3bc93e098b4e10b185df5cd885eae', 'path': 'gs://acp-coe-models-checkpoints-prod-0/version/0.1.0/pefs-checkpoints/pefs/llama3d1_8b_0908/llama_3_1_8b_sl8192/bs1/coe_pef/Llama3_8B_TP16_ss8192_4096_voc128256_inference_sampling_0906_CoE_ckpt_sharing_BS1_SS8192_4096.pef', 'upload_date': 'Thu, 26 Sep 2024 22:27:23 GMT'}, 'studio_pef': {'md5': 'b6dc11800210d9f92bbdc496ae1a0e66', 'path': 'sw-generic-daas-artifacts-dev/modelbox/pefs/Samba1_1_Llama3_Experts/LLAMA3_8B_SS8K_TP16/bs1/coe_pef/llama3_8b_0114_ss8192_4096_1024_256_voc128256_inference_TP16_CoE_ckpt_sharing_BS1_SS8192_4096_1024_256.pef', 'upload_date': '2025-02-10T17:59:17.529-08:00'}, 'upload_date_difference_in_days': -138}, {'batch_size': 2, 'cloud_pef': {'md5': 'd6b4980a9c939f5644c417d0906ea32c', 'path': 'gs://acp-coe-models-checkpoints-prod-0/version/0.1.0/pefs-checkpoints/pefs/llama3d1_8b_0908/llama_3_1_8b_sl8192/bs2/coe_pef/Llama3_8B_TP16_ss8192_4096_voc128256_inference_sampling_0906_CoE_ckpt_sharing_BS2_SS8192_4096.pef', 'upload_date': 'Thu, 26 Sep 2024 22:27:31 GMT'}, 'studio_pef': {'md5': '3b5ef2b53241ad1273954f51a2346445', 'path': 'sw-generic-daas-artifacts-dev/modelbox/pefs/Samba1_1_Llama3_Experts/LLAMA3_8B_SS8K_TP16/bs2/coe_pef/llama3_8b_0114_ss8192_4096_1024_256_voc128256_inference_TP16_CoE_ckpt_sharing_BS2_SS8192_4096_1024_256.pef', 'upload_date': '2025-02-10T17:58:27.054-08:00'}, 'upload_date_difference_in_days': -138}, {'batch_size': 4, 'cloud_pef': {'md5': 'e9a88ee5a276716ffc6e10e34ce29501', 'path': 'gs://acp-coe-models-checkpoints-prod-0/version/0.1.0/pefs-checkpoints/pefs/llama3d1_8b_0908/llama_3_1_8b_sl8192/bs4/coe_pef/Llama3_8B_TP16_ss8192_4096_voc128256_inference_sampling_0906_CoE_ckpt_sharing_BS4_SS8192_4096.pef', 'upload_date': 'Thu, 26 Sep 2024 22:27:29 GMT'}, 'studio_pef': {'md5': '8d9359f5f1aabfcc10bd30e69611562e', 'path': 'sw-generic-daas-artifacts-dev/modelbox/pefs/Samba1_1_Llama3_Experts/LLAMA3_8B_SS8K_TP16/bs4/coe_pef/llama3_8b_0114_ss8192_4096_1024_256_voc128256_inference_TP16_CoE_ckpt_sharing_BS4_SS8192_4096_1024_256.pef', 'upload_date': '2025-02-10T17:58:09.354-08:00'}, 'upload_date_difference_in_days': -138}, {'batch_size': 8, 'cloud_pef': {'md5': 'bc08dd237bae009b1ed3af11874e2ef6', 'path': 'gs://acp-coe-models-checkpoints-prod-0/version/0.1.0/pefs-checkpoints/pefs/llama3d1_8b_0908/llama_3_1_8b_sl8192/bs8/coe_pef/Llama3_8B_TP16_ss8192_4096_voc128256_inference_sampling_0906_CoE_ckpt_sharing_BS8_SS8192_4096.pef', 'upload_date': 'Thu, 26 Sep 2024 22:27:38 GMT'}, 'studio_pef': {'md5': '56f8f6085f0dfe6cd0dc8a5d120e43c2', 'path': 'sw-generic-daas-artifacts-dev/modelbox/pefs/Samba1_1_Llama3_Experts/LLAMA3_8B_SS8K_TP16/bs8/coe_pef/llama3_8b_0114_ss8192_4096_1024_256_voc128256_inference_TP16_CoE_ckpt_sharing_BS8_SS8192_4096_1024_256.pef', 'upload_date': '2025-02-10T17:57:54.480-08:00'}, 'upload_date_difference_in_days': -138}]","{1: -138, 2: -138, 4: -138, 8: -138}"
Samba1_Llama3d1_Experts-405b-True-16384,Samba1_Llama3d1_Experts-405b-True,Samba1 Llama3.1 Experts,405b,16384,True,[1],16k,['Meta-Llama-3.1-405B-Instruct'],"{""1"": {""pef_path"": ""gs://acp-coe-models-checkpoints-prod-0/version/0.1.0/pefs-checkpoints/pefs/PEF_1287_v3/llama3_405b_tp16_ss4096_sd_q_ss6/coe_pef_bs1_ss8192_10752_12288_16384/Llama3_405B_TP16_ss4096_sd_q_ss6_CoE_ckpt_sharing_BS1_SS8192_10752_12288_16384.pef"", ""copy_pef"": null, ""jira"": ""PEF-1287""}}",{'Meta-Llama-3.1-405B-Instruct': 'gs://acp-coe-models-checkpoints-prod-0/version/0.1.0/pefs-checkpoints/ckpts/Meta-Llama-3.1-405B-Instruct_0913'},"{'4k': 'sw-generic-daas-artifacts-dev/modelbox/pefs/Samba1_1_Llama3_1_Experts/llama3p1_405b_ss4k_tp16/', '8k': 'sw-generic-daas-artifacts-dev/modelbox/pefs/Samba1_1_Llama3_1_Experts/llama3p1_405b_ss8k_tp16/', '16k': 'sw-generic-daas-artifacts-dev/modelbox/pefs/Samba1_Llama3.1_Experts/LLAMA3_405B_SS16K_TP16_v2/'}",sw-generic-daas-artifacts-dev/modelbox/checkpoints/Samba1_1_Llama3_Experts/Meta-Llama-3-1-405B-Instruct-0913-v2/,128256,[1],sw-generic-daas-artifacts-dev/modelbox/pefs/Samba1_Llama3.1_Experts/LLAMA3_405B_SS16K_TP16_v2/,[],[],[1],[1],[],[],{}
Samba1_Llama3d1_Experts-405b-True-4096,Samba1_Llama3d1_Experts-405b-True,Samba1 Llama3.1 Experts,405b,4096,True,"[1, 2, 4]",4k,['Meta-Llama-3.1-405B-Instruct'],"{""1"": {""pef_path"": ""gs://acp-coe-models-checkpoints-prod-0/version/0.1.0/pefs-checkpoints/pefs/PEF_1287_v3/llama3_405b_tp16_ss4096_sd_q_ss12/coe_pef_bs1_ss256_512_1152_2048_4096/Llama3_405B_TP16_ss4096_q_ss12_CoE_ckpt_sharing_BS1_SS256_512_1152_2048_4096.pef"", ""copy_pef"": null, ""jira"": ""PEF-1287""}, ""2"": {""pef_path"": ""gs://acp-coe-models-checkpoints-prod-0/version/0.1.0/pefs-checkpoints/pefs/PEF_1287_v3/llama3_405b_tp16_ss4096_sd_q_ss6/coe_pef_bs2_ss256_512_1152_2048_4096/Llama3_405B_TP16_ss4096_sd_q_ss6_CoE_ckpt_sharing_BS2_SS256_512_1152_2048_4096.pef"", ""copy_pef"": null, ""jira"": ""PEF-1287""}, ""4"": {""pef_path"": ""gs://acp-coe-models-checkpoints-prod-0/version/0.1.0/pefs-checkpoints/pefs/PEF_1287_v3/llama3_405b_tp16_ss4096_sd_q_ss6/coe_pef_bs4_ss256_512_1152_2048_4096/Llama3_405B_TP16_ss4096_sd_q_ss6_CoE_ckpt_sharing_BS4_SS256_512_1152_2048_4096.pef"", ""copy_pef"": null, ""jira"": ""PEF-1287""}}",{'Meta-Llama-3.1-405B-Instruct': 'gs://acp-coe-models-checkpoints-prod-0/version/0.1.0/pefs-checkpoints/ckpts/Meta-Llama-3.1-405B-Instruct_0913'},"{'4k': 'sw-generic-daas-artifacts-dev/modelbox/pefs/Samba1_1_Llama3_1_Experts/llama3p1_405b_ss4k_tp16/', '8k': 'sw-generic-daas-artifacts-dev/modelbox/pefs/Samba1_1_Llama3_1_Experts/llama3p1_405b_ss8k_tp16/', '16k': 'sw-generic-daas-artifacts-dev/modelbox/pefs/Samba1_Llama3.1_Experts/LLAMA3_405B_SS16K_TP16_v2/'}",sw-generic-daas-artifacts-dev/modelbox/checkpoints/Samba1_1_Llama3_Experts/Meta-Llama-3-1-405B-Instruct-0913-v2/,128256,"[1, 2, 4]",sw-generic-daas-artifacts-dev/modelbox/pefs/Samba1_1_Llama3_1_Experts/llama3p1_405b_ss4k_tp16/,[],[],"[1, 2, 4]",[],"[1, 2, 4]","[{'batch_size': 1, 'cloud_pef': {'md5': '32156c64c7f919ee43e04c4e2f80a17f', 'path': 'gs://acp-coe-models-checkpoints-prod-0/version/0.1.0/pefs-checkpoints/pefs/PEF_1287_v3/llama3_405b_tp16_ss4096_sd_q_ss12/coe_pef_bs1_ss256_512_1152_2048_4096/Llama3_405B_TP16_ss4096_q_ss12_CoE_ckpt_sharing_BS1_SS256_512_1152_2048_4096.pef', 'upload_date': 'Fri, 10 Jan 2025 06:50:27 GMT'}, 'studio_pef': {'md5': 'a22398a65ab84db4940b10b9d0e078b5', 'path': 'sw-generic-daas-artifacts-dev/modelbox/pefs/Samba1_1_Llama3_1_Experts/llama3p1_405b_ss4k_tp16/bs1/coe_pef/Llama3_405B_TP16_ss4096_token_gen_seq_length6_CoE_ckpt_sharing_BS1_SS256_512_1152_2048_4096.pef', 'upload_date': '2024-11-14T12:24:44.774-08:00'}, 'upload_date_difference_in_days': 56}, {'batch_size': 2, 'cloud_pef': {'md5': '769aee59aa576de8eb5334c93d1e100c', 'path': 'gs://acp-coe-models-checkpoints-prod-0/version/0.1.0/pefs-checkpoints/pefs/PEF_1287_v3/llama3_405b_tp16_ss4096_sd_q_ss6/coe_pef_bs2_ss256_512_1152_2048_4096/Llama3_405B_TP16_ss4096_sd_q_ss6_CoE_ckpt_sharing_BS2_SS256_512_1152_2048_4096.pef', 'upload_date': 'Fri, 10 Jan 2025 06:51:44 GMT'}, 'studio_pef': {'md5': '99b10d3966485ba90b282385d3175b13', 'path': 'sw-generic-daas-artifacts-dev/modelbox/pefs/Samba1_1_Llama3_1_Experts/llama3p1_405b_ss4k_tp16/bs2/coe_pef/Llama3_405B_TP16_ss4096_token_gen_seq_length6_CoE_ckpt_sharing_BS2_SS256_512_1152_2048_4096.pef', 'upload_date': '2024-11-14T12:23:47.230-08:00'}, 'upload_date_difference_in_days': 56}, {'batch_size': 4, 'cloud_pef': {'md5': '1af587361f7e64fbb1d323afb5b5099a', 'path': 'gs://acp-coe-models-checkpoints-prod-0/version/0.1.0/pefs-checkpoints/pefs/PEF_1287_v3/llama3_405b_tp16_ss4096_sd_q_ss6/coe_pef_bs4_ss256_512_1152_2048_4096/Llama3_405B_TP16_ss4096_sd_q_ss6_CoE_ckpt_sharing_BS4_SS256_512_1152_2048_4096.pef', 'upload_date': 'Fri, 10 Jan 2025 06:51:54 GMT'}, 'studio_pef': {'md5': 'ad9927d1e7c6fbf4fed992813c8a8dc8', 'path': 'sw-generic-daas-artifacts-dev/modelbox/pefs/Samba1_1_Llama3_1_Experts/llama3p1_405b_ss4k_tp16/bs4/coe_pef/Llama3_405B_TP16_ss4096_token_gen_seq_length6_CoE_ckpt_sharing_BS4_SS256_512_1152_2048_4096.pef', 'upload_date': '2024-11-14T12:24:08.431-08:00'}, 'upload_date_difference_in_days': 56}]","{1: 56, 2: 56, 4: 56}"
Samba1_Llama3d1_Experts-405b-True-8192,Samba1_Llama3d1_Experts-405b-True,Samba1 Llama3.1 Experts,405b,8192,True,[1],8k,['Meta-Llama-3.1-405B-Instruct'],"{""1"": {""pef_path"": ""gs://acp-coe-models-checkpoints-prod-0/version/0.1.0/pefs-checkpoints/pefs/PEF_1287_v3/llama3_405b_tp16_ss4096_sd_q_ss6/coe_pef_bs1_ss4096_6400_8192/Llama3_405B_TP16_ss4096_sd_q_ss6_CoE_ckpt_sharing_BS1_SS4096_6400_8192.pef"", ""copy_pef"": null, ""jira"": ""PEF-1287""}}",{'Meta-Llama-3.1-405B-Instruct': 'gs://acp-coe-models-checkpoints-prod-0/version/0.1.0/pefs-checkpoints/ckpts/Meta-Llama-3.1-405B-Instruct_0913'},"{'4k': 'sw-generic-daas-artifacts-dev/modelbox/pefs/Samba1_1_Llama3_1_Experts/llama3p1_405b_ss4k_tp16/', '8k': 'sw-generic-daas-artifacts-dev/modelbox/pefs/Samba1_1_Llama3_1_Experts/llama3p1_405b_ss8k_tp16/', '16k': 'sw-generic-daas-artifacts-dev/modelbox/pefs/Samba1_Llama3.1_Experts/LLAMA3_405B_SS16K_TP16_v2/'}",sw-generic-daas-artifacts-dev/modelbox/checkpoints/Samba1_1_Llama3_Experts/Meta-Llama-3-1-405B-Instruct-0913-v2/,128256,[1],sw-generic-daas-artifacts-dev/modelbox/pefs/Samba1_1_Llama3_1_Experts/llama3p1_405b_ss8k_tp16/,[],[],[1],[],[1],"[{'batch_size': 1, 'cloud_pef': {'md5': 'e7d11caa28cf9b558f7abb44d5e2722f', 'path': 'gs://acp-coe-models-checkpoints-prod-0/version/0.1.0/pefs-checkpoints/pefs/PEF_1287_v3/llama3_405b_tp16_ss4096_sd_q_ss6/coe_pef_bs1_ss4096_6400_8192/Llama3_405B_TP16_ss4096_sd_q_ss6_CoE_ckpt_sharing_BS1_SS4096_6400_8192.pef', 'upload_date': 'Fri, 10 Jan 2025 06:50:19 GMT'}, 'studio_pef': {'md5': '94a7b8e1482f171b358dc4215a8f1f55', 'path': 'sw-generic-daas-artifacts-dev/modelbox/pefs/Samba1_1_Llama3_1_Experts/llama3p1_405b_ss8k_tp16/bs1/coe_pef/Llama3_405B_TP16_ss4096_token_gen_seq_length6_CoE_ckpt_sharing_BS1_SS4096_6400_8192.pef', 'upload_date': '2024-11-14T12:25:38.710-08:00'}, 'upload_date_difference_in_days': 56}]",{1: 56}
Samba1_Llama3d1_Experts-8b-False-16384,Samba1_Llama3d1_Experts-8b-False,Samba1 Llama3.1 Experts,8b,16384,False,"[1, 2, 4]",16k,"['Llama-3.1-Swallow-8B-Instruct-v0.3', 'Meta-Llama-3.1-8B-Instruct']","{""1"": {""pef_path"": ""gs://acp-coe-models-checkpoints-prod-0/version/0.1.0/pefs-checkpoints/pefs/PEF_283_llama3d1_8b_ss16k/coe_pef_bs1_ss16384_4096/Llama3_8B_TP16_ss16384_4096_voc128256_inference_0928_CoE_ckpt_sharing_BS1_SS16384_4096.pef"", ""copy_pef"": ""COPY_PEF_LLAMA3_8B_16K_PEF_BS1"", ""jira"": ""PEF-283""}, ""2"": {""pef_path"": ""gs://acp-coe-models-checkpoints-prod-0/version/0.1.0/pefs-checkpoints/pefs/PEF_283_llama3d1_8b_ss16k/coe_pef_bs2_ss16384_4096/Llama3_8B_TP16_ss16384_4096_voc128256_inference_0928_CoE_ckpt_sharing_BS2_SS16384_4096.pef"", ""copy_pef"": ""COPY_PEF_LLAMA3_8B_16K_PEF_BS2"", ""jira"": ""PEF-283""}, ""4"": {""pef_path"": ""gs://acp-coe-models-checkpoints-prod-0/version/0.1.0/pefs-checkpoints/pefs/PEF_283_llama3d1_8b_ss16k/coe_pef_bs4_ss16384_4096/Llama3_8B_TP16_ss16384_4096_voc128256_inference_0928_CoE_ckpt_sharing_BS4_SS16384_4096.pef"", ""copy_pef"": ""COPY_PEF_LLAMA3_8B_16K_PEF_BS4"", ""jira"": ""PEF-283""}}","{'Meta-Llama-3.1-8B-Instruct': 'gs://acp-coe-models-checkpoints-prod-0/version/0.1.0/pefs-checkpoints/ckpts/Meta-Llama-3.1-8B-Instruct', 'Llama-3.1-Swallow-8B-Instruct-v0.3': 'gs://acp-coe-models-checkpoints-prod-0/version/0.1.0/pefs-checkpoints/ckpts/Llama-3.1-Swallow-8B-Instruct-v0.3'}","{'4k': 'sw-generic-daas-artifacts-dev/modelbox/pefs/Samba1_1_Llama3_1_Experts/llama3p1_8b_ss4k_tp16/', '8k': 'sw-generic-daas-artifacts-dev/modelbox/pefs/Samba1_1_Llama3_1_Experts/llama3p1_8b_ss8k_tp16', '16k': 'sw-generic-daas-artifacts-dev/modelbox/pefs/Samba1_1_Llama3_1_Experts/llama3p1_8b_ss16k_tp16/'}",sw-generic-daas-artifacts-dev/modelbox/checkpoints/Samba1_1_Llama3_Experts/Meta-Llama-Guard-3-8B/,128256,"[1, 2, 4, 8, 16, 32]",sw-generic-daas-artifacts-dev/modelbox/pefs/Samba1_1_Llama3_1_Experts/llama3p1_8b_ss16k_tp16/,"[8, 16, 32]",[],"[1, 2, 4]","[1, 2, 4]",[],[],{}
Samba1_Llama3d1_Experts-8b-False-4096,Samba1_Llama3d1_Experts-8b-False,Samba1 Llama3.1 Experts,8b,4096,False,"[1, 2, 4, 8, 16]",4k,"['Llama-3.1-Swallow-8B-Instruct-v0.3', 'Meta-Llama-3.1-8B-Instruct']","{""1"": {""pef_path"": ""gs://acp-coe-models-checkpoints-prod-0/version/0.1.0/pefs-checkpoints/pefs/llama3d1_8b_0917/bs1/Llama3_8B_TP16_ss4096_2048_1024_voc128256_inference_sampling_0906_CoE_ckpt_sharing_BS1_SS4096_2048_1024.pef"", ""copy_pef"": ""COPY_PEF_LLAMA3_8B_PEF_BS1"", ""jira"": null}, ""2"": {""pef_path"": ""gs://acp-coe-models-checkpoints-prod-0/version/0.1.0/pefs-checkpoints/pefs/llama3d1_8b_0917/bs2/Llama3_8B_TP16_ss4096_2048_1024_voc128256_inference_sampling_0906_CoE_ckpt_sharing_BS2_SS4096_2048_1024.pef"", ""copy_pef"": ""COPY_PEF_LLAMA3_8B_PEF_BS2"", ""jira"": null}, ""4"": {""pef_path"": ""gs://acp-coe-models-checkpoints-prod-0/version/0.1.0/pefs-checkpoints/pefs/llama3d1_8b_0917/bs4/Llama3_8B_TP16_ss4096_2048_1024_voc128256_inference_sampling_0906_CoE_ckpt_sharing_BS4_SS4096_2048_1024.pef"", ""copy_pef"": ""COPY_PEF_LLAMA3_8B_PEF_BS4"", ""jira"": null}, ""8"": {""pef_path"": ""gs://acp-coe-models-checkpoints-prod-0/version/0.1.0/pefs-checkpoints/pefs/llama3d1_8b_0917/bs8/Llama3_8B_TP16_ss4096_2048_1024_voc128256_inference_sampling_0906_CoE_ckpt_sharing_BS8_SS4096_2048_1024.pef"", ""copy_pef"": ""COPY_PEF_LLAMA3_8B_PEF_BS8"", ""jira"": null}, ""16"": {""pef_path"": ""gs://acp-coe-models-checkpoints-prod-0/version/0.1.0/pefs-checkpoints/pefs/llama3d1_8b_0917/bs16/Llama3_8B_TP16_ss4096_2048_1024_voc128256_inference_sampling_0906_CoE_ckpt_sharing_BS16_SS4096_2048_1024.pef"", ""copy_pef"": ""COPY_PEF_LLAMA3_8B_PEF_BS16"", ""jira"": null}}","{'Meta-Llama-3.1-8B-Instruct': 'gs://acp-coe-models-checkpoints-prod-0/version/0.1.0/pefs-checkpoints/ckpts/Meta-Llama-3.1-8B-Instruct', 'Llama-3.1-Swallow-8B-Instruct-v0.3': 'gs://acp-coe-models-checkpoints-prod-0/version/0.1.0/pefs-checkpoints/ckpts/Llama-3.1-Swallow-8B-Instruct-v0.3'}","{'4k': 'sw-generic-daas-artifacts-dev/modelbox/pefs/Samba1_1_Llama3_1_Experts/llama3p1_8b_ss4k_tp16/', '8k': 'sw-generic-daas-artifacts-dev/modelbox/pefs/Samba1_1_Llama3_1_Experts/llama3p1_8b_ss8k_tp16', '16k': 'sw-generic-daas-artifacts-dev/modelbox/pefs/Samba1_1_Llama3_1_Experts/llama3p1_8b_ss16k_tp16/'}",sw-generic-daas-artifacts-dev/modelbox/checkpoints/Samba1_1_Llama3_Experts/Meta-Llama-Guard-3-8B/,128256,"[1, 2, 4, 8, 16]",sw-generic-daas-artifacts-dev/modelbox/pefs/Samba1_1_Llama3_1_Experts/llama3p1_8b_ss4k_tp16/,[],[],"[1, 2, 4, 8, 16]","[1, 2, 4, 8, 16]",[],[],{}
Samba1_Llama3d1_Experts-8b-False-8192,Samba1_Llama3d1_Experts-8b-False,Samba1 Llama3.1 Experts,8b,8192,False,"[1, 2, 4, 8, 16]",8k,"['Llama-3.1-Swallow-8B-Instruct-v0.3', 'Meta-Llama-3.1-8B-Instruct']","{""1"": {""pef_path"": ""gs://acp-coe-models-checkpoints-prod-0/version/0.1.0/pefs-checkpoints/pefs/llama3d1_8b_0908/llama_3_1_8b_sl8192/bs1/coe_pef/Llama3_8B_TP16_ss8192_4096_voc128256_inference_sampling_0906_CoE_ckpt_sharing_BS1_SS8192_4096.pef"", ""copy_pef"": ""COPY_PEF_LLAMA3_8B_8K_PEF_BS1"", ""jira"": null}, ""2"": {""pef_path"": ""gs://acp-coe-models-checkpoints-prod-0/version/0.1.0/pefs-checkpoints/pefs/llama3d1_8b_0908/llama_3_1_8b_sl8192/bs2/coe_pef/Llama3_8B_TP16_ss8192_4096_voc128256_inference_sampling_0906_CoE_ckpt_sharing_BS2_SS8192_4096.pef"", ""copy_pef"": ""COPY_PEF_LLAMA3_8B_8K_PEF_BS2"", ""jira"": null}, ""4"": {""pef_path"": ""gs://acp-coe-models-checkpoints-prod-0/version/0.1.0/pefs-checkpoints/pefs/llama3d1_8b_0908/llama_3_1_8b_sl8192/bs4/coe_pef/Llama3_8B_TP16_ss8192_4096_voc128256_inference_sampling_0906_CoE_ckpt_sharing_BS4_SS8192_4096.pef"", ""copy_pef"": ""COPY_PEF_LLAMA3_8B_8K_PEF_BS4"", ""jira"": null}, ""8"": {""pef_path"": ""gs://acp-coe-models-checkpoints-prod-0/version/0.1.0/pefs-checkpoints/pefs/llama3d1_8b_0908/llama_3_1_8b_sl8192/bs8/coe_pef/Llama3_8B_TP16_ss8192_4096_voc128256_inference_sampling_0906_CoE_ckpt_sharing_BS8_SS8192_4096.pef"", ""copy_pef"": ""COPY_PEF_LLAMA3_8B_8K_PEF_BS8"", ""jira"": null}, ""16"": {""pef_path"": ""gs://acp-coe-models-checkpoints-prod-0/version/0.1.0/pefs-checkpoints/pefs/llama3d1_8b_0908/llama_3_1_8b_sl8192/bs16/coe_pef/Llama3_8B_TP16_ss8192_4096_voc128256_inference_sampling_0906_CoE_ckpt_sharing_BS16_SS8192_4096.pef"", ""copy_pef"": ""COPY_PEF_LLAMA3_8B_8K_PEF_BS16"", ""jira"": null}}","{'Meta-Llama-3.1-8B-Instruct': 'gs://acp-coe-models-checkpoints-prod-0/version/0.1.0/pefs-checkpoints/ckpts/Meta-Llama-3.1-8B-Instruct', 'Llama-3.1-Swallow-8B-Instruct-v0.3': 'gs://acp-coe-models-checkpoints-prod-0/version/0.1.0/pefs-checkpoints/ckpts/Llama-3.1-Swallow-8B-Instruct-v0.3'}","{'4k': 'sw-generic-daas-artifacts-dev/modelbox/pefs/Samba1_1_Llama3_1_Experts/llama3p1_8b_ss4k_tp16/', '8k': 'sw-generic-daas-artifacts-dev/modelbox/pefs/Samba1_1_Llama3_1_Experts/llama3p1_8b_ss8k_tp16', '16k': 'sw-generic-daas-artifacts-dev/modelbox/pefs/Samba1_1_Llama3_1_Experts/llama3p1_8b_ss16k_tp16/'}",sw-generic-daas-artifacts-dev/modelbox/checkpoints/Samba1_1_Llama3_Experts/Meta-Llama-Guard-3-8B/,128256,"[1, 2, 4, 8, 16, 32]",sw-generic-daas-artifacts-dev/modelbox/pefs/Samba1_1_Llama3_1_Experts/llama3p1_8b_ss8k_tp16,[32],[],"[1, 2, 4, 8, 16]","[1, 2, 4, 8, 16]",[],[],{}
Samba1_Llama3d2_Experts-1b-False-131072,Samba1_Llama3d2_Experts-1b-False,Samba1 Llama3.2 Experts,1b,131072,False,[1],128k,"['Meta-Llama-3.2-1B-Distill-Instruct', 'Meta-Llama-3.2-1B-Instruct', 'Swallow-1B-Draft']","{""1"": {""pef_path"": ""gs://acp-coe-models-checkpoints-prod-0/version/0.1.0/pefs-checkpoints/pefs/PEF-1382/Llama3_2_1B_TP16_ss4096_16384_32768_65536_131072_qs1_voc128256_balanced_inference_reset_buffers_loadv2_sdpa_decode_CoE_ckpt_sharing_BS1_SS4096_16384_32768_65536_131072.pef"", ""copy_pef"": null, ""jira"": ""PEF-1382""}}","{'Swallow-1B-Draft': 'gs://acp-coe-models-checkpoints-prod-0/version/0.1.0/pefs-checkpoints/ckpts/swallow_1b_checkpoint-2464_untie', 'Meta-Llama-3.2-1B-Distill-Instruct': 'gs://acp-coe-models-checkpoints-prod-0/version/0.1.0/pefs-checkpoints/ckpts/llama_3p2_1b_r1_distill_70B_draft_checkpoint_100000_untie', 'Meta-Llama-3.2-1B-Instruct': 'gs://acp-coe-models-checkpoints-prod-0/version/0.1.0/pefs-checkpoints/ckpts/meta-llama-Llama-3.2-1B-Instruct_untie'}","{'4k': 'sw-generic-daas-artifacts-dev/modelbox/pefs/Samba1_Llama3.2_Experts/LLAMA3.2_1B_SS4K_TP16_4096/', '8k': 'sw-generic-daas-artifacts-dev/modelbox/pefs/Samba1_1_Llama3_2_Experts/llama3p2_1b_ss8k_tp16/', '16k': 'sw-generic-daas-artifacts-dev/modelbox/pefs/Samba1_1_Llama3_2_Experts/llama3p2_1b_ss16k_tp16/', '32k': 'sw-generic-daas-artifacts-dev/modelbox/pefs/Samba1_Llama3.2_Experts/LLAMA3_1B_SS32K_TP16_v2/', '64k': 'sw-generic-daas-artifacts-dev/modelbox/pefs/Samba1_Llama3.2_Experts/LLAMA3_1B_SS64K_TP16_v2/', '128k': 'sw-generic-daas-artifacts-dev/modelbox/pefs/Samba1_Llama3.2_Experts/LLAMA3_1B_SS128K_TP16_v2/'}",sw-generic-daas-artifacts-dev/modelbox/checkpoints/Samba1_1_Llama3_2_Experts/Llama-3.2-1B-Instruct-TP16-20241218/,128256,[1],sw-generic-daas-artifacts-dev/modelbox/pefs/Samba1_Llama3.2_Experts/LLAMA3_1B_SS128K_TP16_v2/,[],[],[1],[1],[],[],{}
Samba1_Llama3d2_Experts-1b-False-16384,Samba1_Llama3d2_Experts-1b-False,Samba1 Llama3.2 Experts,1b,16384,False,"[1, 2, 4, 8]",16k,"['Meta-Llama-3.2-1B-Distill-Instruct', 'Meta-Llama-3.2-1B-Instruct', 'Swallow-1B-Draft']","{""1"": {""pef_path"": ""gs://acp-coe-models-checkpoints-prod-0/version/0.1.0/pefs-checkpoints/pefs/PEF_328_1B_16k/coe_pef_bs1_ss16384_12288_10752_8192_256/Llama3.2_1B_ss16384_12288_10752_8192_256_voc128256_inference_TP16_OCS_1104_5_prefill_graph_CoE_ckpt_sharing_BS1_SS16384_12288_10752_8192_256.pef"", ""copy_pef"": null, ""jira"": ""PEF-328""}, ""2"": {""pef_path"": ""gs://acp-coe-models-checkpoints-prod-0/version/0.1.0/pefs-checkpoints/pefs/PEF_328_1B_16k/coe_pef_bs2_ss16384_12288_10752_8192_256/Llama3.2_1B_ss16384_12288_10752_8192_256_voc128256_inference_TP16_OCS_1104_5_prefill_graph_CoE_ckpt_sharing_BS2_SS16384_12288_10752_8192_256.pef"", ""copy_pef"": null, ""jira"": ""PEF-328""}, ""4"": {""pef_path"": ""gs://acp-coe-models-checkpoints-prod-0/version/0.1.0/pefs-checkpoints/pefs/PEF_328_1B_16k/coe_pef_bs4_ss16384_12288_10752_8192_256/Llama3.2_1B_ss16384_12288_10752_8192_256_voc128256_inference_TP16_OCS_1104_5_prefill_graph_CoE_ckpt_sharing_BS4_SS16384_12288_10752_8192_256.pef"", ""copy_pef"": null, ""jira"": ""PEF-328""}, ""8"": {""pef_path"": ""gs://acp-coe-models-checkpoints-prod-0/version/0.1.0/pefs-checkpoints/pefs/PEF_328_1B_16k/coe_pef_bs8_ss16384_12288_10752_8192_256/Llama3.2_1B_ss16384_12288_10752_8192_256_voc128256_inference_TP16_OCS_1104_5_prefill_graph_CoE_ckpt_sharing_BS8_SS16384_12288_10752_8192_256.pef"", ""copy_pef"": null, ""jira"": ""PEF-328""}}","{'Meta-Llama-3.2-1B-Instruct': 'gs://acp-coe-models-checkpoints-prod-0/version/0.1.0/pefs-checkpoints/ckpts/meta-llama-Llama-3.2-1B-Instruct_untie', 'Swallow-1B-Draft': 'gs://acp-coe-models-checkpoints-prod-0/version/0.1.0/pefs-checkpoints/ckpts/swallow_1b_checkpoint-2464_untie', 'Meta-Llama-3.2-1B-Distill-Instruct': 'gs://acp-coe-models-checkpoints-prod-0/version/0.1.0/pefs-checkpoints/ckpts/llama_3p2_1b_r1_distill_70B_draft_checkpoint_100000_untie'}","{'4k': 'sw-generic-daas-artifacts-dev/modelbox/pefs/Samba1_Llama3.2_Experts/LLAMA3.2_1B_SS4K_TP16_4096/', '8k': 'sw-generic-daas-artifacts-dev/modelbox/pefs/Samba1_1_Llama3_2_Experts/llama3p2_1b_ss8k_tp16/', '16k': 'sw-generic-daas-artifacts-dev/modelbox/pefs/Samba1_1_Llama3_2_Experts/llama3p2_1b_ss16k_tp16/', '32k': 'sw-generic-daas-artifacts-dev/modelbox/pefs/Samba1_Llama3.2_Experts/LLAMA3_1B_SS32K_TP16_v2/', '64k': 'sw-generic-daas-artifacts-dev/modelbox/pefs/Samba1_Llama3.2_Experts/LLAMA3_1B_SS64K_TP16_v2/', '128k': 'sw-generic-daas-artifacts-dev/modelbox/pefs/Samba1_Llama3.2_Experts/LLAMA3_1B_SS128K_TP16_v2/'}",sw-generic-daas-artifacts-dev/modelbox/checkpoints/Samba1_1_Llama3_2_Experts/Llama-3.2-1B-Instruct-TP16-20241218/,128256,"[1, 2, 4, 8, 10]",sw-generic-daas-artifacts-dev/modelbox/pefs/Samba1_1_Llama3_2_Experts/llama3p2_1b_ss16k_tp16/,[10],[],"[1, 2, 4, 8]","[1, 2, 4, 8]",[],[],{}
Samba1_Llama3d2_Experts-1b-False-32768,Samba1_Llama3d2_Experts-1b-False,Samba1 Llama3.2 Experts,1b,32768,False,"[1, 2, 4]",32k,"['Meta-Llama-3.2-1B-Distill-Instruct', 'Meta-Llama-3.2-1B-Instruct', 'Swallow-1B-Draft']","{""1"": {""pef_path"": ""gs://acp-coe-models-checkpoints-prod-0/version/0.1.0/pefs-checkpoints/pefs/PEF_1529/llama3_2_1b_tp16_ss4096_32768_65536_106496_131072__4096_16384_32768_49152_65536__4096_8192_16384_24576_32768_qs1_voc128256_balanced_inference/coe_pef_bs1_ss4096_8192_16384_24576_32768/Llama3_2_1B_TP16_ss4096_32768_65536_106496_131072__4096_16384_32768_49152_65536__4096_8192_16384_24576_32768_qs1_voc128256_balanced_inference_CoE_ckpt_sharing_BS1_SS4096_8192_16384_24576_32768.pef"", ""copy_pef"": ""COPY_PEF_LLAMA3D2_1B_32K_PEF_BS1"", ""jira"": ""PEF-1529""}, ""2"": {""pef_path"": ""gs://acp-coe-models-checkpoints-prod-0/version/0.1.0/pefs-checkpoints/pefs/PEF_1529/llama3_2_1b_tp16_ss4096_32768_65536_106496_131072__4096_16384_32768_49152_65536__4096_8192_16384_24576_32768_qs1_voc128256_balanced_inference/coe_pef_bs2_ss4096_8192_16384_24576_32768/Llama3_2_1B_TP16_ss4096_32768_65536_106496_131072__4096_16384_32768_49152_65536__4096_8192_16384_24576_32768_qs1_voc128256_balanced_inference_CoE_ckpt_sharing_BS2_SS4096_8192_16384_24576_32768.pef"", ""copy_pef"": ""COPY_PEF_LLAMA3D2_1B_32K_PEF_BS2"", ""jira"": ""PEF-1529""}, ""4"": {""pef_path"": ""gs://acp-coe-models-checkpoints-prod-0/version/0.1.0/pefs-checkpoints/pefs/PEF_1529/llama3_2_1b_tp16_ss4096_32768_65536_106496_131072__4096_16384_32768_49152_65536__4096_8192_16384_24576_32768_qs1_voc128256_balanced_inference/coe_pef_bs4_ss4096_8192_16384_24576_32768/Llama3_2_1B_TP16_ss4096_32768_65536_106496_131072__4096_16384_32768_49152_65536__4096_8192_16384_24576_32768_qs1_voc128256_balanced_inference_CoE_ckpt_sharing_BS4_SS4096_8192_16384_24576_32768.pef"", ""copy_pef"": ""COPY_PEF_LLAMA3D2_1B_32K_PEF_BS4"", ""jira"": ""PEF-1529""}}","{'Swallow-1B-Draft': 'gs://acp-coe-models-checkpoints-prod-0/version/0.1.0/pefs-checkpoints/ckpts/swallow_1b_checkpoint-2464_untie', 'Meta-Llama-3.2-1B-Distill-Instruct': 'gs://acp-coe-models-checkpoints-prod-0/version/0.1.0/pefs-checkpoints/ckpts/llama_3p2_1b_r1_distill_70B_draft_checkpoint_100000_untie', 'Meta-Llama-3.2-1B-Instruct': 'gs://acp-coe-models-checkpoints-prod-0/version/0.1.0/pefs-checkpoints/ckpts/meta-llama-Llama-3.2-1B-Instruct_untie'}","{'4k': 'sw-generic-daas-artifacts-dev/modelbox/pefs/Samba1_Llama3.2_Experts/LLAMA3.2_1B_SS4K_TP16_4096/', '8k': 'sw-generic-daas-artifacts-dev/modelbox/pefs/Samba1_1_Llama3_2_Experts/llama3p2_1b_ss8k_tp16/', '16k': 'sw-generic-daas-artifacts-dev/modelbox/pefs/Samba1_1_Llama3_2_Experts/llama3p2_1b_ss16k_tp16/', '32k': 'sw-generic-daas-artifacts-dev/modelbox/pefs/Samba1_Llama3.2_Experts/LLAMA3_1B_SS32K_TP16_v2/', '64k': 'sw-generic-daas-artifacts-dev/modelbox/pefs/Samba1_Llama3.2_Experts/LLAMA3_1B_SS64K_TP16_v2/', '128k': 'sw-generic-daas-artifacts-dev/modelbox/pefs/Samba1_Llama3.2_Experts/LLAMA3_1B_SS128K_TP16_v2/'}",sw-generic-daas-artifacts-dev/modelbox/checkpoints/Samba1_1_Llama3_2_Experts/Llama-3.2-1B-Instruct-TP16-20241218/,128256,"[1, 2, 4]",sw-generic-daas-artifacts-dev/modelbox/pefs/Samba1_Llama3.2_Experts/LLAMA3_1B_SS32K_TP16_v2/,[],[],"[1, 2, 4]","[2, 4]",[1],"[{'batch_size': 1, 'cloud_pef': {'md5': '992f45e6142e4020bda0893608ff2848', 'path': 'gs://acp-coe-models-checkpoints-prod-0/version/0.1.0/pefs-checkpoints/pefs/PEF_1529/llama3_2_1b_tp16_ss4096_32768_65536_106496_131072__4096_16384_32768_49152_65536__4096_8192_16384_24576_32768_qs1_voc128256_balanced_inference/coe_pef_bs1_ss4096_8192_16384_24576_32768/Llama3_2_1B_TP16_ss4096_32768_65536_106496_131072__4096_16384_32768_49152_65536__4096_8192_16384_24576_32768_qs1_voc128256_balanced_inference_CoE_ckpt_sharing_BS1_SS4096_8192_16384_24576_32768.pef', 'upload_date': 'Wed, 02 Apr 2025 23:16:22 GMT'}, 'studio_pef': {'md5': '5916f8aa228e500bb4da00f0665ef810', 'path': 'sw-generic-daas-artifacts-dev/modelbox/pefs/Samba1_Llama3.2_Experts/LLAMA3_1B_SS32K_TP16_v2/bs1/coe_pef/Llama3_2_1B_TP16_ss1024_4096_16384_32768_qs1_voc128256_balanced_inference_reset_buffers_loadv2_sdpa_decode_CoE_ckpt_sharing_BS1_SS1024_4096_16384_32768.pef', 'upload_date': '2025-05-12T16:13:44.018-07:00'}, 'upload_date_difference_in_days': -40}]",{1: -40}
Samba1_Llama3d2_Experts-1b-False-4096,Samba1_Llama3d2_Experts-1b-False,Samba1 Llama3.2 Experts,1b,4096,False,"[1, 2, 4, 8, 16, 32]",4k,"['Meta-Llama-3.2-1B-Distill-Instruct', 'Meta-Llama-3.2-1B-Instruct', 'Swallow-1B-Draft']","{""1"": {""pef_path"": ""gs://acp-coe-models-checkpoints-prod-0/version/0.1.0/pefs-checkpoints/pefs/PEF_328_1B/coe_pef_bs1_ss4096_2048_1152_512_256/Llama3.2_1B_ss4096_2048_1152_512_256_voc128256_inference_TP16_OCS_1101_5_prefill_graph_CoE_ckpt_sharing_BS1_SS4096_2048_1152_512_256.pef"", ""copy_pef"": null, ""jira"": ""PEF-328""}, ""2"": {""pef_path"": ""gs://acp-coe-models-checkpoints-prod-0/version/0.1.0/pefs-checkpoints/pefs/PEF_328_1B/coe_pef_bs2_ss4096_2048_1152_512_256/Llama3.2_1B_ss4096_2048_1152_512_256_voc128256_inference_TP16_OCS_1101_5_prefill_graph_CoE_ckpt_sharing_BS2_SS4096_2048_1152_512_256.pef"", ""copy_pef"": null, ""jira"": ""PEF-328""}, ""4"": {""pef_path"": ""gs://acp-coe-models-checkpoints-prod-0/version/0.1.0/pefs-checkpoints/pefs/PEF_328_1B/coe_pef_bs4_ss4096_2048_1152_512_256/Llama3.2_1B_ss4096_2048_1152_512_256_voc128256_inference_TP16_OCS_1101_5_prefill_graph_CoE_ckpt_sharing_BS4_SS4096_2048_1152_512_256.pef"", ""copy_pef"": null, ""jira"": ""PEF-328""}, ""8"": {""pef_path"": ""gs://acp-coe-models-checkpoints-prod-0/version/0.1.0/pefs-checkpoints/pefs/PEF_328_1B/coe_pef_bs8_ss4096_2048_1152_512_256/Llama3.2_1B_ss4096_2048_1152_512_256_voc128256_inference_TP16_OCS_1101_5_prefill_graph_CoE_ckpt_sharing_BS8_SS4096_2048_1152_512_256.pef"", ""copy_pef"": null, ""jira"": ""PEF-328""}, ""16"": {""pef_path"": ""gs://acp-coe-models-checkpoints-prod-0/version/0.1.0/pefs-checkpoints/pefs/PEF_328_1B/coe_pef_bs16_ss4096_2048_1152_512_256/Llama3.2_1B_ss4096_2048_1152_512_256_voc128256_inference_TP16_OCS_1101_5_prefill_graph_CoE_ckpt_sharing_BS16_SS4096_2048_1152_512_256.pef"", ""copy_pef"": null, ""jira"": ""PEF-328""}, ""32"": {""pef_path"": ""gs://acp-coe-models-checkpoints-prod-0/version/0.1.0/pefs-checkpoints/pefs/PEF_341_0107/coe_pef_bs32_ss1024_4096/Llama3.2_1B_ss4096_1024_voc128256_inference_TP16_OCS_DP2_revert_RMSNORM_fix_embedding_tiling_0107_CoE_ckpt_sharing_BS32_SS1024_4096.pef"", ""copy_pef"": null, ""jira"": ""PEF-341""}}","{'Meta-Llama-3.2-1B-Instruct': 'gs://acp-coe-models-checkpoints-prod-0/version/0.1.0/pefs-checkpoints/ckpts/meta-llama-Llama-3.2-1B-Instruct_untie', 'Meta-Llama-3.2-1B-Distill-Instruct': 'gs://acp-coe-models-checkpoints-prod-0/version/0.1.0/pefs-checkpoints/ckpts/llama_3p2_1b_r1_distill_70B_draft_checkpoint_100000_untie', 'Swallow-1B-Draft': 'gs://acp-coe-models-checkpoints-prod-0/version/0.1.0/pefs-checkpoints/ckpts/swallow_1b_checkpoint-2464_untie'}","{'4k': 'sw-generic-daas-artifacts-dev/modelbox/pefs/Samba1_Llama3.2_Experts/LLAMA3.2_1B_SS4K_TP16_4096/', '8k': 'sw-generic-daas-artifacts-dev/modelbox/pefs/Samba1_1_Llama3_2_Experts/llama3p2_1b_ss8k_tp16/', '16k': 'sw-generic-daas-artifacts-dev/modelbox/pefs/Samba1_1_Llama3_2_Experts/llama3p2_1b_ss16k_tp16/', '32k': 'sw-generic-daas-artifacts-dev/modelbox/pefs/Samba1_Llama3.2_Experts/LLAMA3_1B_SS32K_TP16_v2/', '64k': 'sw-generic-daas-artifacts-dev/modelbox/pefs/Samba1_Llama3.2_Experts/LLAMA3_1B_SS64K_TP16_v2/', '128k': 'sw-generic-daas-artifacts-dev/modelbox/pefs/Samba1_Llama3.2_Experts/LLAMA3_1B_SS128K_TP16_v2/'}",sw-generic-daas-artifacts-dev/modelbox/checkpoints/Samba1_1_Llama3_2_Experts/Llama-3.2-1B-Instruct-TP16-20241218/,128256,"[1, 2, 4, 8, 16, 32]",sw-generic-daas-artifacts-dev/modelbox/pefs/Samba1_Llama3.2_Experts/LLAMA3.2_1B_SS4K_TP16_4096/,[],[],"[1, 2, 4, 8, 16, 32]","[1, 2, 4, 8, 16, 32]",[],[],{}
Samba1_Llama3d2_Experts-1b-False-65536,Samba1_Llama3d2_Experts-1b-False,Samba1 Llama3.2 Experts,1b,65536,False,[1],64k,"['Meta-Llama-3.2-1B-Distill-Instruct', 'Meta-Llama-3.2-1B-Instruct', 'Swallow-1B-Draft']","{""1"": {""pef_path"": ""gs://acp-coe-models-checkpoints-prod-0/version/0.1.0/pefs-checkpoints/pefs/PEF-1380/Llama3_2_1B_TP16_ss4096_16384_32768_65536_qs1_voc128256_balanced_inference_reset_buffers_loadv2_sdpa_decode_CoE_ckpt_sharing_BS1_SS4096_16384_32768_65536.pef"", ""copy_pef"": null, ""jira"": ""PEF-1380""}}","{'Swallow-1B-Draft': 'gs://acp-coe-models-checkpoints-prod-0/version/0.1.0/pefs-checkpoints/ckpts/swallow_1b_checkpoint-2464_untie', 'Meta-Llama-3.2-1B-Distill-Instruct': 'gs://acp-coe-models-checkpoints-prod-0/version/0.1.0/pefs-checkpoints/ckpts/llama_3p2_1b_r1_distill_70B_draft_checkpoint_100000_untie', 'Meta-Llama-3.2-1B-Instruct': 'gs://acp-coe-models-checkpoints-prod-0/version/0.1.0/pefs-checkpoints/ckpts/meta-llama-Llama-3.2-1B-Instruct_untie'}","{'4k': 'sw-generic-daas-artifacts-dev/modelbox/pefs/Samba1_Llama3.2_Experts/LLAMA3.2_1B_SS4K_TP16_4096/', '8k': 'sw-generic-daas-artifacts-dev/modelbox/pefs/Samba1_1_Llama3_2_Experts/llama3p2_1b_ss8k_tp16/', '16k': 'sw-generic-daas-artifacts-dev/modelbox/pefs/Samba1_1_Llama3_2_Experts/llama3p2_1b_ss16k_tp16/', '32k': 'sw-generic-daas-artifacts-dev/modelbox/pefs/Samba1_Llama3.2_Experts/LLAMA3_1B_SS32K_TP16_v2/', '64k': 'sw-generic-daas-artifacts-dev/modelbox/pefs/Samba1_Llama3.2_Experts/LLAMA3_1B_SS64K_TP16_v2/', '128k': 'sw-generic-daas-artifacts-dev/modelbox/pefs/Samba1_Llama3.2_Experts/LLAMA3_1B_SS128K_TP16_v2/'}",sw-generic-daas-artifacts-dev/modelbox/checkpoints/Samba1_1_Llama3_2_Experts/Llama-3.2-1B-Instruct-TP16-20241218/,128256,[1],sw-generic-daas-artifacts-dev/modelbox/pefs/Samba1_Llama3.2_Experts/LLAMA3_1B_SS64K_TP16_v2/,[],[],[1],[1],[],[],{}
Samba1_Llama3d2_Experts-1b-False-8192,Samba1_Llama3d2_Experts-1b-False,Samba1 Llama3.2 Experts,1b,8192,False,"[1, 2, 4, 8]",8k,"['Meta-Llama-3.2-1B-Distill-Instruct', 'Meta-Llama-3.2-1B-Instruct', 'Swallow-1B-Draft']","{""1"": {""pef_path"": ""gs://acp-coe-models-checkpoints-prod-0/version/0.1.0/pefs-checkpoints/pefs/PEF_286_llama3p2_1b_8k/coe_pef_bs1_ss4096_8192/Llama3.2_1B_ss8192_4096_voc128256_inference_TP16_1002_CoE_ckpt_sharing_BS1_SS4096_8192.pef"", ""copy_pef"": null, ""jira"": ""PEF-286""}, ""2"": {""pef_path"": ""gs://acp-coe-models-checkpoints-prod-0/version/0.1.0/pefs-checkpoints/pefs/PEF_286_llama3p2_1b_8k/coe_pef_bs2_ss4096_8192/Llama3.2_1B_ss8192_4096_voc128256_inference_TP16_1002_CoE_ckpt_sharing_BS2_SS4096_8192.pef"", ""copy_pef"": null, ""jira"": ""PEF-286""}, ""4"": {""pef_path"": ""gs://acp-coe-models-checkpoints-prod-0/version/0.1.0/pefs-checkpoints/pefs/PEF_286_llama3p2_1b_8k/coe_pef_bs4_ss4096_8192/Llama3.2_1B_ss8192_4096_voc128256_inference_TP16_1002_CoE_ckpt_sharing_BS4_SS4096_8192.pef"", ""copy_pef"": null, ""jira"": ""PEF-286""}, ""8"": {""pef_path"": ""gs://acp-coe-models-checkpoints-prod-0/version/0.1.0/pefs-checkpoints/pefs/PEF_286_llama3p2_1b_8k/coe_pef_bs8_ss4096_8192/Llama3.2_1B_ss8192_4096_voc128256_inference_TP16_1002_CoE_ckpt_sharing_BS8_SS4096_8192.pef"", ""copy_pef"": null, ""jira"": ""PEF-286""}}","{'Meta-Llama-3.2-1B-Instruct': 'gs://acp-coe-models-checkpoints-prod-0/version/0.1.0/pefs-checkpoints/ckpts/meta-llama-Llama-3.2-1B-Instruct_untie', 'Meta-Llama-3.2-1B-Distill-Instruct': 'gs://acp-coe-models-checkpoints-prod-0/version/0.1.0/pefs-checkpoints/ckpts/llama_3p2_1b_r1_distill_70B_draft_checkpoint_100000_untie', 'Swallow-1B-Draft': 'gs://acp-coe-models-checkpoints-prod-0/version/0.1.0/pefs-checkpoints/ckpts/swallow_1b_checkpoint-2464_untie'}","{'4k': 'sw-generic-daas-artifacts-dev/modelbox/pefs/Samba1_Llama3.2_Experts/LLAMA3.2_1B_SS4K_TP16_4096/', '8k': 'sw-generic-daas-artifacts-dev/modelbox/pefs/Samba1_1_Llama3_2_Experts/llama3p2_1b_ss8k_tp16/', '16k': 'sw-generic-daas-artifacts-dev/modelbox/pefs/Samba1_1_Llama3_2_Experts/llama3p2_1b_ss16k_tp16/', '32k': 'sw-generic-daas-artifacts-dev/modelbox/pefs/Samba1_Llama3.2_Experts/LLAMA3_1B_SS32K_TP16_v2/', '64k': 'sw-generic-daas-artifacts-dev/modelbox/pefs/Samba1_Llama3.2_Experts/LLAMA3_1B_SS64K_TP16_v2/', '128k': 'sw-generic-daas-artifacts-dev/modelbox/pefs/Samba1_Llama3.2_Experts/LLAMA3_1B_SS128K_TP16_v2/'}",sw-generic-daas-artifacts-dev/modelbox/checkpoints/Samba1_1_Llama3_2_Experts/Llama-3.2-1B-Instruct-TP16-20241218/,128256,"[1, 2, 4, 8, 16]",sw-generic-daas-artifacts-dev/modelbox/pefs/Samba1_1_Llama3_2_Experts/llama3p2_1b_ss8k_tp16/,[16],[],"[1, 2, 4, 8]","[1, 2, 4, 8]",[],[],{}
Samba1_Llama3d2_Experts-3b-surgery-False-4096,Samba1_Llama3d2_Experts-3b-surgery-False,Samba1 Llama3.2 Experts,3b-surgery,4096,False,"[1, 2, 4, 8]",4k,['Meta-Llama-3.2-3B-Instruct'],"{""1"": {""pef_path"": ""gs://acp-coe-models-checkpoints-prod-0/version/0.1.0/pefs-checkpoints/pefs/PEF_328_3B/coe_pef_bs1_ss4096_2048_1152_512_256/Llama3.2_3B_ss4096_2048_1152_512_256_voc128256_inference_TP16_OCS_1101_5_prefill_graph_CoE_ckpt_sharing_BS1_SS4096_2048_1152_512_256.pef"", ""copy_pef"": null, ""jira"": ""PEF-328""}, ""2"": {""pef_path"": ""gs://acp-coe-models-checkpoints-prod-0/version/0.1.0/pefs-checkpoints/pefs/PEF_328_3B/coe_pef_bs2_ss4096_2048_1152_512_256/Llama3.2_3B_ss4096_2048_1152_512_256_voc128256_inference_TP16_OCS_1101_5_prefill_graph_CoE_ckpt_sharing_BS2_SS4096_2048_1152_512_256.pef"", ""copy_pef"": null, ""jira"": ""PEF-328""}, ""4"": {""pef_path"": ""gs://acp-coe-models-checkpoints-prod-0/version/0.1.0/pefs-checkpoints/pefs/PEF_328_3B/coe_pef_bs4_ss4096_2048_1152_512_256/Llama3.2_3B_ss4096_2048_1152_512_256_voc128256_inference_TP16_OCS_1101_5_prefill_graph_CoE_ckpt_sharing_BS4_SS4096_2048_1152_512_256.pef"", ""copy_pef"": null, ""jira"": ""PEF-328""}, ""8"": {""pef_path"": ""gs://acp-coe-models-checkpoints-prod-0/version/0.1.0/pefs-checkpoints/pefs/PEF_328_3B/coe_pef_bs8_ss4096_2048_1152_512_256/Llama3.2_3B_ss4096_2048_1152_512_256_voc128256_inference_TP16_OCS_1101_5_prefill_graph_CoE_ckpt_sharing_BS8_SS4096_2048_1152_512_256.pef"", ""copy_pef"": null, ""jira"": ""PEF-328""}}",{'Meta-Llama-3.2-3B-Instruct': 'gs://acp-coe-models-checkpoints-prod-0/version/0.1.0/pefs-checkpoints/ckpts/meta-llama-Llama-3.2-3B-Instruct_untie'},"{'4k': 'sw-generic-daas-artifacts-dev/modelbox/pefs/Samba1_1_Llama3_2_Experts/llama3p2_3b_ss4k_tp16', '8k': 'sw-generic-daas-artifacts-dev/modelbox/pefs/Samba1_1_Llama3_2_Experts/llama3p2_3b_ss8k_tp16/', '16k': 'sw-generic-daas-artifacts-dev/modelbox/pefs/Samba1_1_Llama3_2_Experts/llama3p2_3b_ss16k_tp16/'}",sw-generic-daas-artifacts-dev/modelbox/checkpoints/Samba1_1_Llama3_2_Experts/Llama-3.2-3B-Instruct-TP16-20241218/,128256,"[1, 2, 4, 8, 10, 16, 32]",sw-generic-daas-artifacts-dev/modelbox/pefs/Samba1_1_Llama3_2_Experts/llama3p2_3b_ss4k_tp16,"[10, 16, 32]",[],"[1, 2, 4, 8]","[1, 2, 4, 8]",[],[],{}
Samba1_Llama3d2_Experts-3b-surgery-False-8192,Samba1_Llama3d2_Experts-3b-surgery-False,Samba1 Llama3.2 Experts,3b-surgery,8192,False,[1],8k,['Meta-Llama-3.2-3B-Instruct'],"{""1"": {""pef_path"": ""gs://acp-coe-models-checkpoints-prod-0/version/0.1.0/pefs-checkpoints/pefs/PEF_286_3B_8K/coe_pef_bs1_ss4096_8192/Llama3.2_3B_ss8192_4096_voc128256_inference_TP16_1002_CoE_ckpt_sharing_BS1_SS4096_8192.pef"", ""copy_pef"": null, ""jira"": ""PEF-286""}}",{'Meta-Llama-3.2-3B-Instruct': 'gs://acp-coe-models-checkpoints-prod-0/version/0.1.0/pefs-checkpoints/ckpts/meta-llama-Llama-3.2-3B-Instruct_untie'},"{'4k': 'sw-generic-daas-artifacts-dev/modelbox/pefs/Samba1_1_Llama3_2_Experts/llama3p2_3b_ss4k_tp16', '8k': 'sw-generic-daas-artifacts-dev/modelbox/pefs/Samba1_1_Llama3_2_Experts/llama3p2_3b_ss8k_tp16/', '16k': 'sw-generic-daas-artifacts-dev/modelbox/pefs/Samba1_1_Llama3_2_Experts/llama3p2_3b_ss16k_tp16/'}",sw-generic-daas-artifacts-dev/modelbox/checkpoints/Samba1_1_Llama3_2_Experts/Llama-3.2-3B-Instruct-TP16-20241218/,128256,"[1, 2, 4, 8, 16, 32]",sw-generic-daas-artifacts-dev/modelbox/pefs/Samba1_1_Llama3_2_Experts/llama3p2_3b_ss8k_tp16/,"[2, 4, 8, 16, 32]",[],[1],[1],[],[],{}
Samba1_Llama3d3_Experts-70b-True-131072,Samba1_Llama3d3_Experts-70b-True,Samba1 Llama3.3 Experts,70b,131072,True,[1],128k,"['DeepSeek-R1-Distill-Llama-70B', 'Llama-3.3-Swallow-70B-Instruct-v0.4', 'Meta-Llama-3.3-70B-Instruct']","{""1"": {""pef_path"": ""gs://acp-coe-models-checkpoints-prod-0/version/0.1.0/pefs-checkpoints/pefs/PEF-1388/Llama3_70B_TP16_ss4096_16384_32768_65536_131072_qs6_voc128256_balanced_inferencereset_buffers_loadv2_sdpa_decode_CoE_ckpt_sharing_BS1_SS4096_16384_32768_65536_131072.pef"", ""copy_pef"": null, ""jira"": ""PEF-1388""}}","{'Llama-3.3-Ricoh-70B-20250325': 'gs://acp-coe-models-checkpoints-prod-0/version/0.1.0/pefs-checkpoints/ckpts/ricoh_ckpt_70b', 'Llama-3.3-Swallow-70B-Instruct-v0.4': 'gs://acp-coe-models-checkpoints-prod-0/version/0.1.0/pefs-checkpoints/ckpts/Llama-3.3-Swallow-70B-Instruct-v0.4', 'DeepSeek-R1-Distill-Llama-70B': 'gs://acp-coe-models-checkpoints-prod-0/version/0.1.0/pefs-checkpoints/ckpts/DeepSeek-R1-Distill-Llama-70B', 'Meta-Llama-3.3-70B-Instruct': 'gs://acp-coe-models-checkpoints-prod-0/version/0.1.0/pefs-checkpoints/ckpts/Llama-3.3-70B-Instruct'}","{'4k': 'sw-generic-daas-artifacts-dev/modelbox/pefs/Samba1_Llama3.1_Experts/SAMBA1_LLAMA3D1_EXPERTS-70B-TRUE-4096_4096_NO_BS1/', '8k': 'sw-generic-daas-artifacts-dev/modelbox/pefs/Samba1_Llama3.1_Experts/LLAMA3DOT1_70B_SS6_TP16_8192/', '16k': 'sw-generic-daas-artifacts-dev/modelbox/pefs/Samba1_Llama3.1_Experts/LLAMA3DOT1_70B_SS6_TP16_v2/', '32k': 'sw-generic-daas-artifacts-dev/modelbox/pefs/Samba1_Llama3.1_Experts/LLAMA3_70B_SS32K_TP16_32768/', '64k': 'sw-generic-daas-artifacts-dev/modelbox/pefs/Samba1_Llama3.1_Experts/LLAMA3_70B_SS64K_TP16_v2/', '128k': 'sw-generic-daas-artifacts-dev/modelbox/pefs/Samba1_Llama3.1_Experts/LLAMA3_70B_SS128K_TP16_v2/'}",sw-generic-daas-artifacts-dev/modelbox/checkpoints/Samba1_1_Llama3_Experts/Llama-3.3-70B-Instruct/,128256,[1],sw-generic-daas-artifacts-dev/modelbox/pefs/Samba1_Llama3.1_Experts/LLAMA3_70B_SS128K_TP16_v2/,[],[],[1],[1],[],[],{}
Samba1_Llama3d3_Experts-70b-True-16384,Samba1_Llama3d3_Experts-70b-True,Samba1 Llama3.3 Experts,70b,16384,True,"[1, 2, 4]",16k,"['DeepSeek-R1-Distill-Llama-70B', 'Llama-3.3-Swallow-70B-Instruct-v0.4', 'Meta-Llama-3.3-70B-Instruct']","{""1"": {""pef_path"": ""gs://acp-coe-models-checkpoints-prod-0/version/0.1.0/pefs-checkpoints/pefs/PEF_1323/coe_pef_bs1_ss8192_10752_12288_16384_q_ss6/Llama3dot1_70B_TP16_ss4096_CoE_ckpt_sharing_BS1_SS8192_10752_12288_16384_Q_SS6.pef"", ""copy_pef"": ""COPY_PEF_LLAMA3D1_70B_16K_PEF_BS1"", ""jira"": ""PEF-1323""}, ""2"": {""pef_path"": ""gs://acp-coe-models-checkpoints-prod-0/version/0.1.0/pefs-checkpoints/pefs/PEF_1323/coe_pef_bs2_ss8192_10752_12288_16384_q_ss6/Llama3dot1_70B_TP16_ss4096_CoE_ckpt_sharing_BS2_SS8192_10752_12288_16384_Q_SS6.pef"", ""copy_pef"": ""COPY_PEF_LLAMA3D1_70B_16K_PEF_BS2"", ""jira"": ""PEF-1323""}, ""4"": {""pef_path"": ""gs://acp-coe-models-checkpoints-prod-0/version/0.1.0/pefs-checkpoints/pefs/PEF_1323/coe_pef_bs4_ss8192_10752_12288_16384_q_ss6/Llama3dot1_70B_TP16_ss4096_CoE_ckpt_sharing_BS4_SS8192_10752_12288_16384_Q_SS6.pef"", ""copy_pef"": ""COPY_PEF_LLAMA3D1_70B_16K_PEF_BS4"", ""jira"": ""PEF-1323""}}","{'Meta-Llama-3.3-70B-Instruct': 'gs://acp-coe-models-checkpoints-prod-0/version/0.1.0/pefs-checkpoints/ckpts/Llama-3.3-70B-Instruct', 'Llama-3.3-Ricoh-70B-20250325': 'gs://acp-coe-models-checkpoints-prod-0/version/0.1.0/pefs-checkpoints/ckpts/ricoh_ckpt_70b', 'Llama-3.3-Swallow-70B-Instruct-v0.4': 'gs://acp-coe-models-checkpoints-prod-0/version/0.1.0/pefs-checkpoints/ckpts/Llama-3.3-Swallow-70B-Instruct-v0.4', 'DeepSeek-R1-Distill-Llama-70B': 'gs://acp-coe-models-checkpoints-prod-0/version/0.1.0/pefs-checkpoints/ckpts/DeepSeek-R1-Distill-Llama-70B'}","{'4k': 'sw-generic-daas-artifacts-dev/modelbox/pefs/Samba1_Llama3.1_Experts/SAMBA1_LLAMA3D1_EXPERTS-70B-TRUE-4096_4096_NO_BS1/', '8k': 'sw-generic-daas-artifacts-dev/modelbox/pefs/Samba1_Llama3.1_Experts/LLAMA3DOT1_70B_SS6_TP16_8192/', '16k': 'sw-generic-daas-artifacts-dev/modelbox/pefs/Samba1_Llama3.1_Experts/LLAMA3DOT1_70B_SS6_TP16_v2/', '32k': 'sw-generic-daas-artifacts-dev/modelbox/pefs/Samba1_Llama3.1_Experts/LLAMA3_70B_SS32K_TP16_32768/', '64k': 'sw-generic-daas-artifacts-dev/modelbox/pefs/Samba1_Llama3.1_Experts/LLAMA3_70B_SS64K_TP16_v2/', '128k': 'sw-generic-daas-artifacts-dev/modelbox/pefs/Samba1_Llama3.1_Experts/LLAMA3_70B_SS128K_TP16_v2/'}",sw-generic-daas-artifacts-dev/modelbox/checkpoints/Samba1_1_Llama3_Experts/Llama-3.3-70B-Instruct/,128256,"[1, 2, 4]",sw-generic-daas-artifacts-dev/modelbox/pefs/Samba1_Llama3.1_Experts/LLAMA3DOT1_70B_SS6_TP16_v2/,[],[],"[1, 2, 4]","[1, 2, 4]",[],[],{}
Samba1_Llama3d3_Experts-70b-True-32768,Samba1_Llama3d3_Experts-70b-True,Samba1 Llama3.3 Experts,70b,32768,True,"[1, 2, 4]",32k,"['DeepSeek-R1-Distill-Llama-70B', 'Llama-3.3-Swallow-70B-Instruct-v0.4', 'Meta-Llama-3.3-70B-Instruct']","{""1"": {""pef_path"": ""gs://acp-coe-models-checkpoints-prod-0/version/0.1.0/pefs-checkpoints/pefs/PEF_1529/llama3_70b_tp16_ss4096_32768_65536_106496_131072__4096_16384_32768_49152_65536__4096_8192_16384_24576_32768_qs6_voc128256_balanced_inference/coe_pef_bs1_ss4096_8192_16384_24576_32768/Llama3_70B_TP16_ss4096_32768_65536_106496_131072__4096_16384_32768_49152_65536__4096_8192_16384_24576_32768_qs6_voc128256_balanced_inference_CoE_ckpt_sharing_BS1_SS4096_8192_16384_24576_32768.pef"", ""copy_pef"": ""COPY_PEF_LLAMA3D1_70B_32K_PEF_BS1"", ""jira"": ""PEF-1529""}, ""2"": {""pef_path"": ""gs://acp-coe-models-checkpoints-prod-0/version/0.1.0/pefs-checkpoints/pefs/PEF_1529/llama3_70b_tp16_ss4096_32768_65536_106496_131072__4096_16384_32768_49152_65536__4096_8192_16384_24576_32768_qs6_voc128256_balanced_inference/coe_pef_bs2_ss4096_8192_16384_24576_32768/Llama3_70B_TP16_ss4096_32768_65536_106496_131072__4096_16384_32768_49152_65536__4096_8192_16384_24576_32768_qs6_voc128256_balanced_inference_CoE_ckpt_sharing_BS2_SS4096_8192_16384_24576_32768.pef"", ""copy_pef"": ""COPY_PEF_LLAMA3D1_70B_32K_PEF_BS2"", ""jira"": ""PEF-1529""}, ""4"": {""pef_path"": ""gs://acp-coe-models-checkpoints-prod-0/version/0.1.0/pefs-checkpoints/pefs/PEF_1529/llama3_70b_tp16_ss4096_32768_65536_106496_131072__4096_16384_32768_49152_65536__4096_8192_16384_24576_32768_qs6_voc128256_balanced_inference/coe_pef_bs4_ss4096_8192_16384_24576_32768/Llama3_70B_TP16_ss4096_32768_65536_106496_131072__4096_16384_32768_49152_65536__4096_8192_16384_24576_32768_qs6_voc128256_balanced_inference_CoE_ckpt_sharing_BS4_SS4096_8192_16384_24576_32768.pef"", ""copy_pef"": ""COPY_PEF_LLAMA3D1_70B_32K_PEF_BS4"", ""jira"": ""PEF-1529""}}","{'Llama-3.3-Ricoh-70B-20250325': 'gs://acp-coe-models-checkpoints-prod-0/version/0.1.0/pefs-checkpoints/ckpts/ricoh_ckpt_70b', 'Llama-3.3-Swallow-70B-Instruct-v0.4': 'gs://acp-coe-models-checkpoints-prod-0/version/0.1.0/pefs-checkpoints/ckpts/Llama-3.3-Swallow-70B-Instruct-v0.4', 'DeepSeek-R1-Distill-Llama-70B': 'gs://acp-coe-models-checkpoints-prod-0/version/0.1.0/pefs-checkpoints/ckpts/DeepSeek-R1-Distill-Llama-70B', 'Meta-Llama-3.3-70B-Instruct': 'gs://acp-coe-models-checkpoints-prod-0/version/0.1.0/pefs-checkpoints/ckpts/Llama-3.3-70B-Instruct'}","{'4k': 'sw-generic-daas-artifacts-dev/modelbox/pefs/Samba1_Llama3.1_Experts/SAMBA1_LLAMA3D1_EXPERTS-70B-TRUE-4096_4096_NO_BS1/', '8k': 'sw-generic-daas-artifacts-dev/modelbox/pefs/Samba1_Llama3.1_Experts/LLAMA3DOT1_70B_SS6_TP16_8192/', '16k': 'sw-generic-daas-artifacts-dev/modelbox/pefs/Samba1_Llama3.1_Experts/LLAMA3DOT1_70B_SS6_TP16_v2/', '32k': 'sw-generic-daas-artifacts-dev/modelbox/pefs/Samba1_Llama3.1_Experts/LLAMA3_70B_SS32K_TP16_32768/', '64k': 'sw-generic-daas-artifacts-dev/modelbox/pefs/Samba1_Llama3.1_Experts/LLAMA3_70B_SS64K_TP16_v2/', '128k': 'sw-generic-daas-artifacts-dev/modelbox/pefs/Samba1_Llama3.1_Experts/LLAMA3_70B_SS128K_TP16_v2/'}",sw-generic-daas-artifacts-dev/modelbox/checkpoints/Samba1_1_Llama3_Experts/Llama-3.3-70B-Instruct/,128256,"[1, 4]",sw-generic-daas-artifacts-dev/modelbox/pefs/Samba1_Llama3.1_Experts/LLAMA3_70B_SS32K_TP16_32768/,[],[2],"[1, 4]","[1, 4]",[],[],{}
Samba1_Llama3d3_Experts-70b-True-4096,Samba1_Llama3d3_Experts-70b-True,Samba1 Llama3.3 Experts,70b,4096,True,"[1, 2, 4, 8, 16, 32]",4k,"['DeepSeek-R1-Distill-Llama-70B', 'Llama-3.3-Swallow-70B-Instruct-v0.4', 'Meta-Llama-3.3-70B-Instruct']","{""1"": {""pef_path"": ""gs://acp-coe-models-checkpoints-prod-0/version/0.1.0/pefs-checkpoints/pefs/PEF_1323/coe_pef_bs1_ss256_512_1152_2048_4096_q_ss10/Llama3dot1_70B_TP16_ss4096_CoE_ckpt_sharing_BS1_SS256_512_1152_2048_4096_Q_SS10.pef"", ""copy_pef"": null, ""jira"": ""PEF-1323""}, ""2"": {""pef_path"": ""gs://acp-coe-models-checkpoints-prod-0/version/0.1.0/pefs-checkpoints/pefs/PEF_1323/coe_pef_bs2_ss256_512_1152_2048_4096_q_ss6/Llama3dot1_70B_TP16_ss4096_CoE_ckpt_sharing_BS2_SS256_512_1152_2048_4096_Q_SS6.pef"", ""copy_pef"": null, ""jira"": ""PEF-1323""}, ""4"": {""pef_path"": ""gs://acp-coe-models-checkpoints-prod-0/version/0.1.0/pefs-checkpoints/pefs/PEF_1323/coe_pef_bs4_ss256_512_1152_2048_4096_q_ss6/Llama3dot1_70B_TP16_ss4096_CoE_ckpt_sharing_BS4_SS256_512_1152_2048_4096_Q_SS6.pef"", ""copy_pef"": null, ""jira"": ""PEF-1323""}, ""8"": {""pef_path"": ""gs://acp-coe-models-checkpoints-prod-0/version/0.1.0/pefs-checkpoints/pefs/PEF_1323/coe_pef_bs8_ss256_512_1152_2048_4096_q_ss6/Llama3dot1_70B_TP16_ss4096_CoE_ckpt_sharing_BS8_SS256_512_1152_2048_4096_Q_SS6.pef"", ""copy_pef"": null, ""jira"": ""PEF-1323""}, ""16"": {""pef_path"": ""gs://acp-coe-models-checkpoints-prod-0/version/0.1.0/pefs-checkpoints/pefs/PEF_1323/coe_pef_bs16_ss256_512_1152_2048_4096_q_ss6/Llama3dot1_70B_TP16_ss4096_CoE_ckpt_sharing_BS16_SS256_512_1152_2048_4096_Q_SS6.pef"", ""copy_pef"": null, ""jira"": ""PEF-1323""}, ""32"": {""pef_path"": ""gs://acp-coe-models-checkpoints-prod-0/version/0.1.0/pefs-checkpoints/pefs/PEF_1323/coe_pef_bs32_ss256_512_1152_2048_4096_q_ss6/Llama3dot1_70B_TP16_ss4096_CoE_ckpt_sharing_BS32_SS256_512_1152_2048_4096_Q_SS6.pef"", ""copy_pef"": null, ""jira"": ""PEF-1323""}}","{'Meta-Llama-3.3-70B-Instruct': 'gs://acp-coe-models-checkpoints-prod-0/version/0.1.0/pefs-checkpoints/ckpts/Llama-3.3-70B-Instruct', 'DeepSeek-R1-Distill-Llama-70B': 'gs://acp-coe-models-checkpoints-prod-0/version/0.1.0/pefs-checkpoints/ckpts/DeepSeek-R1-Distill-Llama-70B', 'Llama-3.3-Ricoh-70B-20250325': 'gs://acp-coe-models-checkpoints-prod-0/version/0.1.0/pefs-checkpoints/ckpts/ricoh_ckpt_70b', 'Llama-3.3-Swallow-70B-Instruct-v0.4': 'gs://acp-coe-models-checkpoints-prod-0/version/0.1.0/pefs-checkpoints/ckpts/Llama-3.3-Swallow-70B-Instruct-v0.4'}","{'4k': 'sw-generic-daas-artifacts-dev/modelbox/pefs/Samba1_Llama3.1_Experts/SAMBA1_LLAMA3D1_EXPERTS-70B-TRUE-4096_4096_NO_BS1/', '8k': 'sw-generic-daas-artifacts-dev/modelbox/pefs/Samba1_Llama3.1_Experts/LLAMA3DOT1_70B_SS6_TP16_8192/', '16k': 'sw-generic-daas-artifacts-dev/modelbox/pefs/Samba1_Llama3.1_Experts/LLAMA3DOT1_70B_SS6_TP16_v2/', '32k': 'sw-generic-daas-artifacts-dev/modelbox/pefs/Samba1_Llama3.1_Experts/LLAMA3_70B_SS32K_TP16_32768/', '64k': 'sw-generic-daas-artifacts-dev/modelbox/pefs/Samba1_Llama3.1_Experts/LLAMA3_70B_SS64K_TP16_v2/', '128k': 'sw-generic-daas-artifacts-dev/modelbox/pefs/Samba1_Llama3.1_Experts/LLAMA3_70B_SS128K_TP16_v2/'}",sw-generic-daas-artifacts-dev/modelbox/checkpoints/Samba1_1_Llama3_Experts/Llama-3.3-70B-Instruct/,128256,"[2, 4, 8, 16, 32]",sw-generic-daas-artifacts-dev/modelbox/pefs/Samba1_Llama3.1_Experts/SAMBA1_LLAMA3D1_EXPERTS-70B-TRUE-4096_4096_NO_BS1/,[],[1],"[2, 4, 8, 16, 32]","[2, 4, 8, 16, 32]",[],[],{}
Samba1_Llama3d3_Experts-70b-True-65536,Samba1_Llama3d3_Experts-70b-True,Samba1 Llama3.3 Experts,70b,65536,True,[1],64k,"['DeepSeek-R1-Distill-Llama-70B', 'Llama-3.3-Swallow-70B-Instruct-v0.4', 'Meta-Llama-3.3-70B-Instruct']","{""1"": {""pef_path"": ""gs://acp-coe-models-checkpoints-prod-0/version/0.1.0/pefs-checkpoints/pefs/PEF-1386/Llama3_70B_TP16_ss4096_16384_32768_65536_qs6_voc128256_balanced_inferencereset_buffers_loadv2_sdpa_decode_CoE_ckpt_sharing_BS1_SS4096_16384_32768_65536.pef"", ""copy_pef"": null, ""jira"": ""PEF-1386""}}","{'Llama-3.3-Ricoh-70B-20250325': 'gs://acp-coe-models-checkpoints-prod-0/version/0.1.0/pefs-checkpoints/ckpts/ricoh_ckpt_70b', 'Llama-3.3-Swallow-70B-Instruct-v0.4': 'gs://acp-coe-models-checkpoints-prod-0/version/0.1.0/pefs-checkpoints/ckpts/Llama-3.3-Swallow-70B-Instruct-v0.4', 'DeepSeek-R1-Distill-Llama-70B': 'gs://acp-coe-models-checkpoints-prod-0/version/0.1.0/pefs-checkpoints/ckpts/DeepSeek-R1-Distill-Llama-70B', 'Meta-Llama-3.3-70B-Instruct': 'gs://acp-coe-models-checkpoints-prod-0/version/0.1.0/pefs-checkpoints/ckpts/Llama-3.3-70B-Instruct'}","{'4k': 'sw-generic-daas-artifacts-dev/modelbox/pefs/Samba1_Llama3.1_Experts/SAMBA1_LLAMA3D1_EXPERTS-70B-TRUE-4096_4096_NO_BS1/', '8k': 'sw-generic-daas-artifacts-dev/modelbox/pefs/Samba1_Llama3.1_Experts/LLAMA3DOT1_70B_SS6_TP16_8192/', '16k': 'sw-generic-daas-artifacts-dev/modelbox/pefs/Samba1_Llama3.1_Experts/LLAMA3DOT1_70B_SS6_TP16_v2/', '32k': 'sw-generic-daas-artifacts-dev/modelbox/pefs/Samba1_Llama3.1_Experts/LLAMA3_70B_SS32K_TP16_32768/', '64k': 'sw-generic-daas-artifacts-dev/modelbox/pefs/Samba1_Llama3.1_Experts/LLAMA3_70B_SS64K_TP16_v2/', '128k': 'sw-generic-daas-artifacts-dev/modelbox/pefs/Samba1_Llama3.1_Experts/LLAMA3_70B_SS128K_TP16_v2/'}",sw-generic-daas-artifacts-dev/modelbox/checkpoints/Samba1_1_Llama3_Experts/Llama-3.3-70B-Instruct/,128256,[1],sw-generic-daas-artifacts-dev/modelbox/pefs/Samba1_Llama3.1_Experts/LLAMA3_70B_SS64K_TP16_v2/,[],[],[1],[1],[],[],{}
Samba1_Llama3d3_Experts-70b-True-8192,Samba1_Llama3d3_Experts-70b-True,Samba1 Llama3.3 Experts,70b,8192,True,"[1, 2, 4, 8]",8k,"['DeepSeek-R1-Distill-Llama-70B', 'Llama-3.3-Swallow-70B-Instruct-v0.4', 'Meta-Llama-3.3-70B-Instruct']","{""1"": {""pef_path"": ""gs://acp-coe-models-checkpoints-prod-0/version/0.1.0/pefs-checkpoints/pefs/PEF_1323/coe_pef_bs1_ss4096_6400_8192_q_ss6/Llama3dot1_70B_TP16_ss4096_CoE_ckpt_sharing_BS1_SS4096_6400_8192_Q_SS6.pef"", ""copy_pef"": null, ""jira"": ""PEF-1323""}, ""2"": {""pef_path"": ""gs://acp-coe-models-checkpoints-prod-0/version/0.1.0/pefs-checkpoints/pefs/PEF_1323/coe_pef_bs2_ss4096_6400_8192_q_ss6/Llama3dot1_70B_TP16_ss4096_CoE_ckpt_sharing_BS2_SS4096_6400_8192_Q_SS6.pef"", ""copy_pef"": null, ""jira"": ""PEF-1323""}, ""4"": {""pef_path"": ""gs://acp-coe-models-checkpoints-prod-0/version/0.1.0/pefs-checkpoints/pefs/PEF_1323/coe_pef_bs4_ss4096_6400_8192_q_ss6/Llama3dot1_70B_TP16_ss4096_CoE_ckpt_sharing_BS4_SS4096_6400_8192_Q_SS6.pef"", ""copy_pef"": null, ""jira"": ""PEF-1323""}, ""8"": {""pef_path"": ""gs://acp-coe-models-checkpoints-prod-0/version/0.1.0/pefs-checkpoints/pefs/PEF_1323/coe_pef_bs8_ss4096_6400_8192_q_ss6/Llama3dot1_70B_TP16_ss4096_CoE_ckpt_sharing_BS8_SS4096_6400_8192_Q_SS6.pef"", ""copy_pef"": null, ""jira"": ""PEF-1323""}}","{'Meta-Llama-3.3-70B-Instruct': 'gs://acp-coe-models-checkpoints-prod-0/version/0.1.0/pefs-checkpoints/ckpts/Llama-3.3-70B-Instruct', 'DeepSeek-R1-Distill-Llama-70B': 'gs://acp-coe-models-checkpoints-prod-0/version/0.1.0/pefs-checkpoints/ckpts/DeepSeek-R1-Distill-Llama-70B', 'Llama-3.3-Ricoh-70B-20250325': 'gs://acp-coe-models-checkpoints-prod-0/version/0.1.0/pefs-checkpoints/ckpts/ricoh_ckpt_70b', 'Llama-3.3-Swallow-70B-Instruct-v0.4': 'gs://acp-coe-models-checkpoints-prod-0/version/0.1.0/pefs-checkpoints/ckpts/Llama-3.3-Swallow-70B-Instruct-v0.4'}","{'4k': 'sw-generic-daas-artifacts-dev/modelbox/pefs/Samba1_Llama3.1_Experts/SAMBA1_LLAMA3D1_EXPERTS-70B-TRUE-4096_4096_NO_BS1/', '8k': 'sw-generic-daas-artifacts-dev/modelbox/pefs/Samba1_Llama3.1_Experts/LLAMA3DOT1_70B_SS6_TP16_8192/', '16k': 'sw-generic-daas-artifacts-dev/modelbox/pefs/Samba1_Llama3.1_Experts/LLAMA3DOT1_70B_SS6_TP16_v2/', '32k': 'sw-generic-daas-artifacts-dev/modelbox/pefs/Samba1_Llama3.1_Experts/LLAMA3_70B_SS32K_TP16_32768/', '64k': 'sw-generic-daas-artifacts-dev/modelbox/pefs/Samba1_Llama3.1_Experts/LLAMA3_70B_SS64K_TP16_v2/', '128k': 'sw-generic-daas-artifacts-dev/modelbox/pefs/Samba1_Llama3.1_Experts/LLAMA3_70B_SS128K_TP16_v2/'}",sw-generic-daas-artifacts-dev/modelbox/checkpoints/Samba1_1_Llama3_Experts/Llama-3.3-70B-Instruct/,128256,"[1, 2, 4, 8, 16]",sw-generic-daas-artifacts-dev/modelbox/pefs/Samba1_Llama3.1_Experts/LLAMA3DOT1_70B_SS6_TP16_8192/,[16],[],"[1, 2, 4, 8]","[1, 2, 4, 8]",[],[],{}
Samba1_Llama4_Experts-128x17b-False-8192,Samba1_Llama4_Experts-128x17b-False,Samba1 Llama4 Experts,128x17b,8192,False,[1],8k,['Llama-4-Maverick-17B-128E-Instruct'],"{""1"": {""pef_path"": ""gs://acp-coe-models-checkpoints-prod-0/version/0.1.0/pefs-checkpoints/pefs/PEF_1674/Llama-4-Maverick-17B-128E-Instruct.pef"", ""copy_pef"": null, ""jira"": ""PEF-1674""}}",{'Llama-4-Maverick-17B-128E-Instruct': 'gs://acp-coe-models-checkpoints-prod-0/version/0.1.0/pefs-checkpoints/ckpts/Llama-4-Maverick-17B-128E-Instruct_surgery-FP8-128E-RDU'},{'8k': 'sw-generic-daas-artifacts-dev/modelbox/pefs/Samba1_Llama4_Experts/LLAMA-4-MAVERICK-17B-128E-INSTRUCT.PEF_LLAMA-4-MAVERICK-17B-128E-INSTRUCT.PEF_TPLLAMA-4-MAVERICK-17B-128E-INSTRUCT.PEF_8192/'},sw-generic-daas-artifacts-dev/inference-engine/2025/checkpoints/Llama-4-Maverick-17B-128E-Instruct_surgery-FP8-128E-RDU-vision-pef-fix/,202048,[1],sw-generic-daas-artifacts-dev/modelbox/pefs/Samba1_Llama4_Experts/LLAMA-4-MAVERICK-17B-128E-INSTRUCT.PEF_LLAMA-4-MAVERICK-17B-128E-INSTRUCT.PEF_TPLLAMA-4-MAVERICK-17B-128E-INSTRUCT.PEF_8192/,[],[],[1],[],[1],"[{'batch_size': 1, 'cloud_pef': {'md5': 'bb71e14e60582d438daef6979c106cf3', 'upload_date': 'Thu, 01 May 2025 01:12:44 GMT', 'path': 'gs://acp-coe-models-checkpoints-prod-0/version/0.1.0/pefs-checkpoints/pefs/PEF_1674/Llama-4-Maverick-17B-128E-Instruct.pef'}, 'studio_pef': {'md5': '75c72ede43533c5091da0cd427539966', 'upload_date': '2025-06-17T12:48:03.566-07:00', 'path': 'sw-generic-daas-artifacts-dev/modelbox/pefs/Samba1_Llama4_Experts/LLAMA-4-MAVERICK-17B-128E-INSTRUCT.PEF_LLAMA-4-MAVERICK-17B-128E-INSTRUCT.PEF_TPLLAMA-4-MAVERICK-17B-128E-INSTRUCT.PEF_8192/bs1/coe_pef/Llama-4-Maverick-17B-128E-Instruct.pef'}, 'upload_date_difference_in_days': -48}]",{1: -48}
Samba1_Llama4_Experts-16x17b-False-8192,Samba1_Llama4_Experts-16x17b-False,Samba1 Llama4 Experts,16x17b,8192,False,[1],8k,['Llama-4-Scout-17B-16E-Instruct'],"{""1"": {""pef_path"": ""gs://acp-coe-models-checkpoints-prod-0/version/0.1.0/pefs-checkpoints/pefs/PEF_1653/Llama-4-Scout-17B-16E-Instruct.pef"", ""copy_pef"": null, ""jira"": ""PEF-1653""}}",{'Llama-4-Scout-17B-16E-Instruct': 'gs://acp-coe-models-checkpoints-prod-0/version/0.1.0/pefs-checkpoints/ckpts/Llama-4-Scout-17B-16E-Instruct-FP8-RDU_surgery'},{'8k': 'sw-generic-daas-artifacts-dev/modelbox/pefs/Samba1_Llama4_Experts/LLAMA-4-SCOUT-17B-16E-INSTRUCT.PEF_LLAMA-4-SCOUT-17B-16E-INSTRUCT.PEF_TPLLAMA-4-SCOUT-17B-16E-INSTRUCT.PEF_8192_v2/'},sw-generic-daas-artifacts-dev/modelbox/pefs/Samba1_Llama4_Experts/Llama-4-Scout-17B-16E-Instruct-FP8-RDU_surgery/,202048,[1],sw-generic-daas-artifacts-dev/modelbox/pefs/Samba1_Llama4_Experts/LLAMA-4-SCOUT-17B-16E-INSTRUCT.PEF_LLAMA-4-SCOUT-17B-16E-INSTRUCT.PEF_TPLLAMA-4-SCOUT-17B-16E-INSTRUCT.PEF_8192_v2/,[],[],[1],[1],[],[],{}
Samba1_Qwen2_Audio_Experts-7b-False-4096,Samba1_Qwen2_Audio_Experts-7b-False,Samba1 Qwen2 Audio Experts,7b,4096,False,[1],4k,['Qwen2-Audio-7B-Instruct'],"{""1"": {""pef_path"": ""gs://acp-coe-models-checkpoints-prod-0/version/0.1.0/pefs-checkpoints/pefs/PEF-331/qwen2audio_full_wo_convtiling.pef"", ""copy_pef"": ""COPY_PEF_QWEN_AUDIO_7B_PEF"", ""jira"": ""PEF-331""}}",{'Qwen2-Audio-7B-Instruct': 'gs://acp-coe-models-checkpoints-prod-0/version/0.1.0/pefs-checkpoints/ckpts/Qwen2-Audio-7B-Instruct'},{'4k': 'sw-generic-daas-artifacts-dev/inference-engine/2025/pefs/PEF-331/'},sw-generic-daas-artifacts-dev/inference-engine/2025/checkpoints/Qwen2-Audio-7B-Instruct/,156032,[1],sw-generic-daas-artifacts-dev/inference-engine/2025/pefs/PEF-331/,[],[],[1],[1],[],[],{}
Samba1_Qwen2d5_Experts-0d5b-False-16384,Samba1_Qwen2d5_Experts-0d5b-False,Samba1 Qwen2.5 Experts,0.5b,16384,False,[1],16k,['Qwen2.5-0.5B-SFT-Instruct'],"{""1"": {""pef_path"": ""gs://acp-coe-models-checkpoints-prod-0/version/0.1.0/pefs-checkpoints/pefs/PEF_303_qwen2_0p5b_16k/qwen2_0p5b_ss16384_12288_10752_8192_256_voc151936_inference_tp16_ocs_1119_graph/coe_pef_bs1_ss16384_12288_10752_8192_256/Qwen2_0p5B_ss16384_12288_10752_8192_256_voc151936_inference_TP16_OCS_1119_graph_CoE_ckpt_sharing_BS1_SS16384_12288_10752_8192_256.pef"", ""copy_pef"": null, ""jira"": ""PEF-303""}}",{'Qwen2.5-0.5B-SFT-Instruct': 'gs://acp-coe-models-checkpoints-prod-0/version/0.1.0/pefs-checkpoints/ckpts/kz919-QwQ-0.5B-SFT-Draft_surgery'},"{'4k': 'sw-generic-daas-artifacts-dev/inference-engine/2025-03/pefs/qwen2d5-0.5b-4k/', '8k': 'sw-generic-daas-artifacts-dev/inference-engine/2025-03/pefs/qwen2d5-0.5b-8k/', '16k': 'sw-generic-daas-artifacts-dev/inference-engine/2025-03/pefs/qwen2d5-0.5b-16k/'}",sw-generic-daas-artifacts-dev/inference-engine/2025/checkpoints/Qwen2.5-Coder-0.5B-Instruct_double_surgery/,151936,"[1, 2, 4]",sw-generic-daas-artifacts-dev/inference-engine/2025-03/pefs/qwen2d5-0.5b-16k/,"[2, 4]",[],[1],[1],[],[],{}
Samba1_Qwen2d5_Experts-0d5b-False-4096,Samba1_Qwen2d5_Experts-0d5b-False,Samba1 Qwen2.5 Experts,0.5b,4096,False,"[1, 2, 4]",4k,['Qwen2.5-0.5B-SFT-Instruct'],"{""1"": {""pef_path"": ""gs://acp-coe-models-checkpoints-prod-0/version/0.1.0/pefs-checkpoints/pefs/PEF_303_qwen2_0p5b_4k/coe_pef_bs1_ss4096_2048_1152_512_256/Qwen2_0p5B_ss4096_2048_1152_512_256_voc151936_inference_TP16_OCS_1119_graph_CoE_ckpt_sharing_BS1_SS4096_2048_1152_512_256.pef"", ""copy_pef"": null, ""jira"": ""PEF-303""}, ""2"": {""pef_path"": ""gs://acp-coe-models-checkpoints-prod-0/version/0.1.0/pefs-checkpoints/pefs/PEF_303_qwen2_0p5b_4k/coe_pef_bs2_ss4096_2048_1152_512_256/Qwen2_0p5B_ss4096_2048_1152_512_256_voc151936_inference_TP16_OCS_1119_graph_CoE_ckpt_sharing_BS2_SS4096_2048_1152_512_256.pef"", ""copy_pef"": null, ""jira"": ""PEF-303""}, ""4"": {""pef_path"": ""gs://acp-coe-models-checkpoints-prod-0/version/0.1.0/pefs-checkpoints/pefs/PEF_303_qwen2_0p5b_4k/coe_pef_bs4_ss4096_2048_1152_512_256/Qwen2_0p5B_ss4096_2048_1152_512_256_voc151936_inference_TP16_OCS_1119_graph_CoE_ckpt_sharing_BS4_SS4096_2048_1152_512_256.pef"", ""copy_pef"": null, ""jira"": ""PEF-303""}}",{'Qwen2.5-0.5B-SFT-Instruct': 'gs://acp-coe-models-checkpoints-prod-0/version/0.1.0/pefs-checkpoints/ckpts/kz919-QwQ-0.5B-SFT-Draft_surgery'},"{'4k': 'sw-generic-daas-artifacts-dev/inference-engine/2025-03/pefs/qwen2d5-0.5b-4k/', '8k': 'sw-generic-daas-artifacts-dev/inference-engine/2025-03/pefs/qwen2d5-0.5b-8k/', '16k': 'sw-generic-daas-artifacts-dev/inference-engine/2025-03/pefs/qwen2d5-0.5b-16k/'}",sw-generic-daas-artifacts-dev/inference-engine/2025/checkpoints/Qwen2.5-Coder-0.5B-Instruct_double_surgery/,151936,"[1, 2, 4]",sw-generic-daas-artifacts-dev/inference-engine/2025-03/pefs/qwen2d5-0.5b-4k/,[],[],"[1, 2, 4]","[1, 2, 4]",[],[],{}
Samba1_Qwen2d5_Experts-0d5b-False-8192,Samba1_Qwen2d5_Experts-0d5b-False,Samba1 Qwen2.5 Experts,0.5b,8192,False,"[1, 2, 4]",8k,['Qwen2.5-0.5B-SFT-Instruct'],"{""1"": {""pef_path"": ""gs://acp-coe-models-checkpoints-prod-0/version/0.1.0/pefs-checkpoints/pefs/PEF_303_qwen2_0p5b_8k/coe_pef_bs1_ss8192_6400_4096/Qwen2_0p5B_ss8192_6400_4096_voc151936_inference_TP16_OCS_1119_graph_CoE_ckpt_sharing_BS1_SS8192_6400_4096.pef"", ""copy_pef"": null, ""jira"": ""PEF-303""}, ""2"": {""pef_path"": ""gs://acp-coe-models-checkpoints-prod-0/version/0.1.0/pefs-checkpoints/pefs/PEF_303_qwen2_0p5b_8k/coe_pef_bs2_ss8192_6400_4096/Qwen2_0p5B_ss8192_6400_4096_voc151936_inference_TP16_OCS_1119_graph_CoE_ckpt_sharing_BS2_SS8192_6400_4096.pef"", ""copy_pef"": null, ""jira"": ""PEF-303""}, ""4"": {""pef_path"": ""gs://acp-coe-models-checkpoints-prod-0/version/0.1.0/pefs-checkpoints/pefs/PEF_303_qwen2_0p5b_8k/coe_pef_bs4_ss8192_6400_4096/Qwen2_0p5B_ss8192_6400_4096_voc151936_inference_TP16_OCS_1119_graph_CoE_ckpt_sharing_BS4_SS8192_6400_4096.pef"", ""copy_pef"": null, ""jira"": ""PEF-303""}}",{'Qwen2.5-0.5B-SFT-Instruct': 'gs://acp-coe-models-checkpoints-prod-0/version/0.1.0/pefs-checkpoints/ckpts/kz919-QwQ-0.5B-SFT-Draft_surgery'},"{'4k': 'sw-generic-daas-artifacts-dev/inference-engine/2025-03/pefs/qwen2d5-0.5b-4k/', '8k': 'sw-generic-daas-artifacts-dev/inference-engine/2025-03/pefs/qwen2d5-0.5b-8k/', '16k': 'sw-generic-daas-artifacts-dev/inference-engine/2025-03/pefs/qwen2d5-0.5b-16k/'}",sw-generic-daas-artifacts-dev/inference-engine/2025/checkpoints/Qwen2.5-Coder-0.5B-Instruct_double_surgery/,151936,"[1, 2, 4]",sw-generic-daas-artifacts-dev/inference-engine/2025-03/pefs/qwen2d5-0.5b-8k/,[],[],"[1, 2, 4]","[1, 2, 4]",[],[],{}
Samba1_Qwen2d5_Experts-32b-qwq-True-16384,Samba1_Qwen2d5_Experts-32b-qwq-True,Samba1 Qwen2.5 Experts,32b-qwq,16384,True,[1],16k,['QwQ-32B'],"{""1"": {""pef_path"": ""gs://acp-coe-models-checkpoints-prod-0/version/0.1.0/pefs-checkpoints/pefs/PEF_1339/coe_pef_bs1_ss8192_10752_12288_16384_q_ss6/Qwen2dot5_QWQ_32B_TP16_ss4096_CoE_ckpt_sharing_BS1_SS8192_10752_12288_16384_Q_SS6.pef"", ""copy_pef"": null, ""jira"": ""PEF-1339""}}",{'QwQ-32B': 'gs://acp-coe-models-checkpoints-prod-0/version/0.1.0/pefs-checkpoints/ckpts/qwq_32b_new_surgery'},"{'4k': 'sw-generic-daas-artifacts-dev/inference-engine/2025-03/pefs/qwen2d5-32b-qwq-4k/', '8k': 'sw-generic-daas-artifacts-dev/inference-engine/2025-03/pefs/qwen2d5-32b-qwq-8k/', '16k': 'sw-generic-daas-artifacts-dev/inference-engine/2025-03/pefs/qwen2d5-32b-qwq-16k/'}",sw-generic-daas-artifacts-dev/inference-engine/2025/checkpoints/QwQ-32B-Preview_surgery/,152064,"[1, 2, 4]",sw-generic-daas-artifacts-dev/inference-engine/2025-03/pefs/qwen2d5-32b-qwq-16k/,"[2, 4]",[],[1],[1],[],[],{}
Samba1_Qwen2d5_Experts-32b-qwq-True-4096,Samba1_Qwen2d5_Experts-32b-qwq-True,Samba1 Qwen2.5 Experts,32b-qwq,4096,True,"[1, 2, 4]",4k,['QwQ-32B'],"{""1"": {""pef_path"": ""gs://acp-coe-models-checkpoints-prod-0/version/0.1.0/pefs-checkpoints/pefs/PEF_1339/coe_pef_bs1_ss256_512_1152_2048_4096_q_ss6/Qwen2dot5_QWQ_32B_TP16_ss4096_CoE_ckpt_sharing_BS1_SS256_512_1152_2048_4096_Q_SS6.pef"", ""copy_pef"": null, ""jira"": ""PEF-1339""}, ""2"": {""pef_path"": ""gs://acp-coe-models-checkpoints-prod-0/version/0.1.0/pefs-checkpoints/pefs/PEF_1339/coe_pef_bs2_ss256_512_1152_2048_4096_q_ss6/Qwen2dot5_QWQ_32B_TP16_ss4096_CoE_ckpt_sharing_BS2_SS256_512_1152_2048_4096_Q_SS6.pef"", ""copy_pef"": null, ""jira"": ""PEF-1339""}, ""4"": {""pef_path"": ""gs://acp-coe-models-checkpoints-prod-0/version/0.1.0/pefs-checkpoints/pefs/PEF_1339/coe_pef_bs4_ss256_512_1152_2048_4096_q_ss6/Qwen2dot5_QWQ_32B_TP16_ss4096_CoE_ckpt_sharing_BS4_SS256_512_1152_2048_4096_Q_SS6.pef"", ""copy_pef"": null, ""jira"": ""PEF-1339""}}",{'QwQ-32B': 'gs://acp-coe-models-checkpoints-prod-0/version/0.1.0/pefs-checkpoints/ckpts/qwq_32b_new_surgery'},"{'4k': 'sw-generic-daas-artifacts-dev/inference-engine/2025-03/pefs/qwen2d5-32b-qwq-4k/', '8k': 'sw-generic-daas-artifacts-dev/inference-engine/2025-03/pefs/qwen2d5-32b-qwq-8k/', '16k': 'sw-generic-daas-artifacts-dev/inference-engine/2025-03/pefs/qwen2d5-32b-qwq-16k/'}",sw-generic-daas-artifacts-dev/inference-engine/2025/checkpoints/QwQ-32B-Preview_surgery/,152064,"[1, 2, 4]",sw-generic-daas-artifacts-dev/inference-engine/2025-03/pefs/qwen2d5-32b-qwq-4k/,[],[],"[1, 2, 4]","[1, 2, 4]",[],[],{}
Samba1_Qwen2d5_Experts-32b-qwq-True-8192,Samba1_Qwen2d5_Experts-32b-qwq-True,Samba1 Qwen2.5 Experts,32b-qwq,8192,True,"[1, 2, 4]",8k,['QwQ-32B'],"{""1"": {""pef_path"": ""gs://acp-coe-models-checkpoints-prod-0/version/0.1.0/pefs-checkpoints/pefs/PEF_1339/coe_pef_bs1_ss4096_6400_8192_q_ss6/Qwen2dot5_QWQ_32B_TP16_ss4096_CoE_ckpt_sharing_BS1_SS4096_6400_8192_Q_SS6.pef"", ""copy_pef"": null, ""jira"": ""PEF-1339""}, ""2"": {""pef_path"": ""gs://acp-coe-models-checkpoints-prod-0/version/0.1.0/pefs-checkpoints/pefs/PEF_1339/coe_pef_bs2_ss4096_6400_8192_q_ss6/Qwen2dot5_QWQ_32B_TP16_ss4096_CoE_ckpt_sharing_BS2_SS4096_6400_8192_Q_SS6.pef"", ""copy_pef"": null, ""jira"": ""PEF-1339""}, ""4"": {""pef_path"": ""gs://acp-coe-models-checkpoints-prod-0/version/0.1.0/pefs-checkpoints/pefs/PEF_1339/coe_pef_bs4_ss4096_6400_8192_q_ss6/Qwen2dot5_QWQ_32B_TP16_ss4096_CoE_ckpt_sharing_BS4_SS4096_6400_8192_Q_SS6.pef"", ""copy_pef"": null, ""jira"": ""PEF-1339""}}",{'QwQ-32B': 'gs://acp-coe-models-checkpoints-prod-0/version/0.1.0/pefs-checkpoints/ckpts/qwq_32b_new_surgery'},"{'4k': 'sw-generic-daas-artifacts-dev/inference-engine/2025-03/pefs/qwen2d5-32b-qwq-4k/', '8k': 'sw-generic-daas-artifacts-dev/inference-engine/2025-03/pefs/qwen2d5-32b-qwq-8k/', '16k': 'sw-generic-daas-artifacts-dev/inference-engine/2025-03/pefs/qwen2d5-32b-qwq-16k/'}",sw-generic-daas-artifacts-dev/inference-engine/2025/checkpoints/QwQ-32B-Preview_surgery/,152064,"[1, 2, 4]",sw-generic-daas-artifacts-dev/inference-engine/2025-03/pefs/qwen2d5-32b-qwq-8k/,[],[],"[1, 2, 4]","[1, 2, 4]",[],[],{}
Samba1_Qwen3_Experts-32b-False-8192,Samba1_Qwen3_Experts-32b-False,Samba1 Qwen3 Experts,32b,8192,False,"[1, 4]",8k,['Qwen3-32B'],"{""1"": {""pef_path"": ""gs://acp-coe-models-checkpoints-prod-0/version/0.1.0/pefs-checkpoints/pefs/PEF_1667/qwen3_32b_full_model_ss4096_8192_voc152064_inference_TP16_CoE_ckpt_sharing_BS1_SS4096_8192.pef"", ""copy_pef"": null, ""jira"": ""PEF-1667""}, ""4"": {""pef_path"": ""gs://acp-coe-models-checkpoints-prod-0/version/0.1.0/pefs-checkpoints/pefs/PEF_1712/coe_pef_bs4_ss1024_2048_4096_8192/qwen3_32b_full_model_ss1024_2048_4096_8192_voc151936_inference_TP16_CoE_ckpt_sharing_BS4_SS1024_2048_4096_8192.pef"", ""copy_pef"": null, ""jira"": ""PEF-1712""}}",{'Qwen3-32B': 'gs://acp-coe-models-checkpoints-prod-0/version/0.1.0/pefs-checkpoints/ckpts/Qwen3-32B'},{'8k': 'sw-generic-daas-artifacts-dev/modelbox/pefs/Samba1_Qwen3_Experts/QWEN3_32B_SS8K_TP16/'},sw-generic-daas-artifacts-dev/inference-engine/2025/checkpoints/Qwen3-32B/,151936,[1],sw-generic-daas-artifacts-dev/modelbox/pefs/Samba1_Qwen3_Experts/QWEN3_32B_SS8K_TP16/,[],[4],[1],[1],[],[],{}
